County_name,year,county,time,hst,Seed_sown,Sheep,Top_predators_killed,Human_population,Red_fox_killed,north,east
Norrb,29,1,2,0.4,173,362,0.066,43887.00,3.1,1439,513
Vasterb,29,2,2,0.8,308,722,0.894,49994.00,12.4,1179,415
Jamt,29,3,2,0.8,262,1154,0.314,42225.00,2.5,976,222
Vastern,29,4,2,3.4,1184,2676,0.562,78421.00,17.7,962,387
Gavle,29,5,2,5.2,1439,4299,0.911,102736.00,12.4,756,336
Koppar,29,6,2,4.4,2156,3980,1.349,134820.00,4.7,696,221
Varm,29,7,2,8.9,4604,3728,4.332,172858.00,29.6,564,140
Upps,29,8,2,11.3,7687,8393,5.413,81742.00,10.1,588,422
Vastml,29,9,2,13.5,6384,5317,5.745,89262.00,27.2,557,337
Stock,29,10,2,27.2,8152,10250,2.946,184711.00,10.9,519,453
Orebro,29,11,2,12.4,4633,5212,2.354,116255.00,24.8,499,254
Soderml,29,12,2,16.4,5799,8602,5.601,108327.00,11.8,463,361
Alvsb,29,14,2,16,9372,7321,2.503,197697.00,28.8,352,101
Goteborg,29,15,2,29,12612,10358,3.383,154054.00,52.1,381,44
Ostergl,29,16,2,16.1,6942,5768,5.582,187609.00,57.6,375,302
Kalmar,29,17,2,14.2,6410,7703,1.967,165743.00,64.4,237,323
Jonk,29,18,2,12.8,7525,8702,3.923,137478.00,74.8,269,217
Halland,29,19,2,15.6,11694,8285,0,88975.00,50.9,208,107
Kronob,29,20,2,11.5,5101,8334,4.772,108741.00,47.6,184,224
Kristian,29,21,2,23.8,12504,11129,1.425,150372.00,56,103,170
Blek,29,22,2,28.1,9979,10983,2.945,85734.00,133.5,120,263
Malmo,29,23,2,39.6,25891,11866,0,200103.00,26.5,58,136
Norrb,30,1,3,0.4,173,362,0.16,43887.00,2.6,1439,513
Vasterb,30,2,3,0.8,308,722,1.433,49994.00,13.5,1179,415
Jamt,30,3,3,0.8,262,1154,0.425,42225.00,0.8,976,222
Vastern,30,4,3,3.4,1184,2676,0.476,78421.00,6.4,962,387
Gavle,30,5,3,5.2,1439,4299,2.885,102736.00,14.4,756,336
Koppar,30,6,3,4.4,2156,3980,0.658,134820.00,5.6,696,221
Varm,30,7,3,8.9,4604,3728,4.074,172858.00,30.6,564,140
Upps,30,8,3,11.3,7687,8393,3.608,81742.00,15.4,588,422
Vastml,30,9,3,13.5,6384,5317,6.955,89262.00,26.2,557,337
Orebro,30,11,3,12.4,4633,5212,4.174,116255.00,28.5,499,254
Soderml,30,12,3,16.4,5799,8602,3.481,108327.00,17.6,463,361
Alvsb,30,14,3,16,9372,7321,1.534,197697.00,28.4,352,101
Goteborg,30,15,3,29,12612,10358,0.376,154054.00,5.1,381,44
Ostergl,30,16,3,16.1,6942,5768,5.581,187609.00,52.3,375,302
Kalmar,30,17,3,14.2,6410,7703,1.112,165743.00,45.3,237,323
Jonk,30,18,3,12.8,7525,8702,4.391,137478.00,75.8,269,217
Halland,30,19,3,15.6,11694,8285,0.699,88975.00,36.9,208,107
Kronob,30,20,3,11.5,5101,8334,6.151,108741.00,56.1,184,224
Kristian,30,21,3,23.8,12504,11129,0.95,150372.00,46.7,103,170
Blek,30,22,3,28.1,9979,10983,2.291,85734.00,168.2,120,263
Malmo,30,23,3,39.6,25891,11866,0,200103.00,23.6,58,136
Norrb,31,1,4,0.4,173,362,0.424,43887.00,3.2,1439,513
Vasterb,31,2,4,0.8,308,722,1.619,49994.00,16,1179,415
Jamt,31,3,4,0.8,262,1154,0.555,42225.00,1.9,976,222
Vastern,31,4,4,3.4,1184,2676,0.953,78421.00,5.8,962,387
Gavle,31,5,4,5.2,1439,4299,3.594,102736.00,13.8,756,336
Koppar,31,6,4,4.4,2156,3980,0.986,134820.00,6.9,696,221
Varm,31,7,4,8.9,4604,3728,2.991,172858.00,30.9,564,140
Upps,31,8,4,11.3,7687,8393,3.608,81742.00,3.7,588,422
Vastml,31,9,4,13.5,6384,5317,2.57,89262.00,20.3,557,337
Orebro,31,11,4,12.4,4633,5212,4.71,116255.00,28.8,499,254
Soderml,31,12,4,16.4,5799,8602,4.541,108327.00,15.6,463,361
Skara,31,13,4,20.4,17043,9775,9.366,167384.00,110.2,382,170
Alvsb,31,14,4,16,9372,7321,2.583,197697.00,33.6,352,101
Goteborg,31,15,4,29,12612,10358,2.819,154054.00,21.6,381,44
Ostergl,31,16,4,16.1,6942,5768,3.778,187609.00,40.4,375,302
Kalmar,31,17,4,14.2,6410,7703,0.599,165743.00,71.1,237,323
Jonk,31,18,4,12.8,7525,8702,3.736,137478.00,73.8,269,217
Halland,31,19,4,15.6,11694,8285,1.224,88975.00,23.3,208,107
Kronob,31,20,4,11.5,5101,8334,4.773,108741.00,55.5,184,224
Kristian,31,21,4,23.8,12504,11129,1.583,150372.00,52.1,103,170
Blek,31,22,4,28.1,9979,10983,0,85734.00,111.6,120,263
Malmo,31,23,4,39.6,25891,11866,0,200103.00,12.9,58,136
Norrb,32,1,5,0.4,173,362,0.594,43887.00,4,1439,513
Vasterb,32,2,5,0.8,308,722,2.176,49994.00,17.2,1179,415
Jamt,32,3,5,0.8,262,1154,0.425,42225.00,1.8,976,222
Vastern,32,4,5,3.4,1184,2676,1.039,78421.00,5.4,962,387
Gavle,32,5,5,5.2,1439,4299,3.442,102736.00,11,756,336
Koppar,32,6,5,4.4,2156,3980,1.447,134820.00,7.3,696,221
Varm,32,7,5,8.9,4604,3728,3.766,172858.00,30.4,564,140
Upps,32,8,5,11.3,7687,8393,4.441,81742.00,16.4,588,422
Vastml,32,9,5,13.5,6384,5317,3.931,89262.00,22.7,557,337
Stock,32,10,5,27.2,8152,10250,3.387,184711.00,5.9,519,453
Orebro,32,11,5,12.4,4633,5212,4.175,116255.00,37.4,499,254
Soderml,32,12,5,16.4,5799,8602,3.936,108327.00,15.3,463,361
Skara,32,13,5,20.4,17043,9775,17.761,167384.00,88.1,382,170
Alvsb,32,14,5,16,9372,7321,3.229,197697.00,22.4,352,101
Goteborg,32,15,5,29,12612,10358,0.94,154054.00,22.6,381,44
Ostergl,32,16,5,16.1,6942,5768,3.263,187609.00,31.2,375,302
Kalmar,32,17,5,14.2,6410,7703,1.71,165743.00,51.6,237,323
Jonk,32,18,5,12.8,7525,8702,2.428,137478.00,66.1,269,217
Halland,32,19,5,15.6,11694,8285,1.049,88975.00,16.1,208,107
Kronob,32,20,5,11.5,5101,8334,3.924,108741.00,31.6,184,224
Kristian,32,21,5,23.8,12504,11129,0.95,150372.00,50.5,103,170
Blek,32,22,5,28.1,9979,10983,1.963,85734.00,73,120,263
Malmo,32,23,5,39.6,25891,11866,0,200103.00,35.4,58,136
Norrb,33,1,6,0.4,171,358,1.405,45356.00,3.2,1439,513
Vasterb,33,2,6,0.9,242,624,1.721,53144.00,18.6,1179,415
Jamt,33,3,6,0.8,233,1306,0.591,44239.00,4.1,976,222
Vastern,33,4,6,3.6,1179,2474,0.909,83920.00,7.2,962,387
Gavle,33,5,6,5.4,1628,4262,2.328,107250.00,14,756,336
Koppar,33,6,6,4.6,2184,4013,1.348,139538.00,6.6,696,221
Varm,33,7,6,9.6,4546,3456,3.765,186783.00,32.1,564,140
Upps,33,8,6,11.8,7720,8312,7.216,84777.00,31.5,588,422
Vastml,33,9,6,13.8,6313,5168,7.712,91461.00,33.1,557,337
Stock,33,10,6,28.1,8365,10194,11.783,190753.00,28.7,519,453
Orebro,33,11,6,13,4750,5307,4.281,121530.00,33,499,254
Soderml,33,12,6,16.9,5743,9081,8.476,111833.00,17.7,463,361
Alvsb,33,14,6,17,9538,6704,3.309,210259.00,34.5,352,101
Goteborg,33,15,6,29.5,13139,12924,1.316,157012.00,10.3,381,44
Ostergl,33,16,6,16.9,7642,6734,3.435,197045.00,42.8,375,302
Kalmar,33,17,6,14.9,6631,8033,1.197,174011.00,47.5,237,323
Jonk,33,18,6,13.5,8201,8914,4.483,144853.00,66.7,269,217
Halland,33,19,6,16.3,11172,9653,1.049,93355.00,31.6,208,107
Kronob,33,20,6,12.1,5068,7553,4.878,114156.00,56.4,184,224
Kristian,33,21,6,25,13607,12568,1.108,157933.00,58.3,103,170
Blek,33,22,6,29.7,10270,10880,1.964,90801.00,78.5,120,263
Malmo,33,23,6,41.5,25635,13482,0,209584.00,107.9,58,136
Norrb,34,1,7,0.4,171,358,0.585,45356.00,3.5,1439,513
Vasterb,34,2,7,0.9,242,624,2.294,53144.00,16,1179,415
Jamt,34,3,7,0.8,233,1306,0.573,44239.00,3.1,976,222
Gavle,34,5,7,5.4,1628,4262,1.924,107250.00,14.5,756,336
Koppar,34,6,7,4.6,2184,4013,1.282,139538.00,7.1,696,221
Varm,34,7,7,9.6,4546,3456,4.745,186783.00,31.7,564,140
Upps,34,8,7,11.8,7720,8312,7.355,84777.00,35.9,588,422
Vastml,34,9,7,13.8,6313,5168,8.467,91461.00,50.4,557,337
Stock,34,10,7,28.1,8365,10194,6.039,190753.00,6.5,519,453
Orebro,34,11,7,13,4750,5307,0.535,121530.00,6.3,499,254
Soderml,34,12,7,16.9,5743,9081,5.298,111833.00,14.7,463,361
Alvsb,34,14,7,17,9538,6704,1.776,210259.00,12.1,352,101
Goteborg,34,15,7,29.5,13139,12924,0,157012.00,3,381,44
Ostergl,34,16,7,16.9,7642,6734,3.349,197045.00,44.5,375,302
Kalmar,34,17,7,14.9,6631,8033,0.941,174011.00,88.5,237,323
Jonk,34,18,7,13.5,8201,8914,1.775,144853.00,76.8,269,217
Halland,34,19,7,16.3,11172,9653,0,93355.00,29.2,208,107
Kronob,34,20,7,12.1,5068,7553,4.348,114156.00,56.6,184,224
Kristian,34,21,7,25,13607,12568,2.058,157933.00,57,103,170
Blek,34,22,7,29.7,10270,10880,2.291,90801.00,107.4,120,263
Malmo,34,23,7,41.5,25635,13482,0,209584.00,125.1,58,136
Norrb,35,1,8,0.4,171,358,0.179,45356.00,3.4,1439,513
Vasterb,35,2,8,0.9,242,624,2.109,53144.00,17.1,1179,415
Jamt,35,3,8,0.8,233,1306,0.536,44239.00,1.2,976,222
Gavle,35,5,8,5.4,1628,4262,2.835,107250.00,12.4,756,336
Koppar,35,6,8,4.6,2184,4013,1.381,139538.00,6.6,696,221
Varm,35,7,8,9.6,4546,3456,5.209,186783.00,34.9,564,140
Upps,35,8,8,11.8,7720,8312,4.025,84777.00,33.4,588,422
Vastml,35,9,8,13.8,6313,5168,8.014,91461.00,39,557,337
Stock,35,10,8,28.1,8365,10194,2.798,190753.00,2.8,519,453
Orebro,35,11,8,13,4750,5307,1.498,121530.00,5.1,499,254
Soderml,35,12,8,16.9,5743,9081,5.147,111833.00,18,463,361
Skara,35,13,8,21.3,17199,13207,4.622,175175.00,17.9,382,170
Alvsb,35,14,8,17,9538,6704,3.713,210259.00,20.5,352,101
Goteborg,35,15,8,29.5,13139,12924,1.128,157012.00,17.7,381,44
Ostergl,35,16,8,16.9,7642,6734,5.066,197045.00,50.2,375,302
Kalmar,35,17,8,14.9,6631,8033,3.335,174011.00,63.3,237,323
Jonk,35,18,8,13.5,8201,8914,2.335,144853.00,68.8,269,217
Halland,35,19,8,16.3,11172,9653,0.175,93355.00,20.6,208,107
Kronob,35,20,8,12.1,5068,7553,8.59,114156.00,57.4,184,224
Kristian,35,21,8,25,13607,12568,2.85,157933.00,129.7,103,170
Blek,35,22,8,29.7,10270,10880,6.873,90801.00,90.3,120,263
Malmo,35,23,8,41.5,25635,13482,0,209584.00,28.5,58,136
Norrb,36,1,9,0.4,171,358,0.217,45356.00,3.4,1439,513
Vasterb,36,2,9,0.9,242,624,1.333,53144.00,12.3,1179,415
Jamt,36,3,9,0.8,233,1306,0.592,44239.00,1,976,222
Vastern,36,4,9,3.6,1179,2474,1.038,83920.00,15.6,962,387
Gavle,36,5,9,5.4,1628,4262,2.935,107250.00,13.6,756,336
Koppar,36,6,9,4.6,2184,4013,2.697,139538.00,7.3,696,221
Varm,36,7,9,9.6,4546,3456,5.261,186783.00,34.8,564,140
Upps,36,8,9,11.8,7720,8312,4.025,84777.00,36.8,588,422
Vastml,36,9,9,13.8,6313,5168,9.223,91461.00,57.8,557,337
Stock,36,10,9,28.1,8365,10194,2.798,190753.00,1.9,519,453
Orebro,36,11,9,13,4750,5307,0.535,121530.00,8.1,499,254
Soderml,36,12,9,16.9,5743,9081,5.904,111833.00,10.3,463,361
Skara,36,13,9,21.3,17199,13207,2.311,175175.00,17,382,170
Alvsb,36,14,9,17,9538,6704,0.404,210259.00,8.6,352,101
Goteborg,36,15,9,29.5,13139,12924,0.94,157012.00,9.4,381,44
Ostergl,36,16,9,16.9,7642,6734,4.465,197045.00,61.8,375,302
Kalmar,36,17,9,14.9,6631,8033,1.197,174011.00,61,237,323
Jonk,36,18,9,13.5,8201,8914,2.709,144853.00,65,269,217
Halland,36,19,9,16.3,11172,9653,0,93355.00,18.4,208,107
Kronob,36,20,9,12.1,5068,7553,6.257,114156.00,80.7,184,224
Kristian,36,21,9,25,13607,12568,0.475,157933.00,80.9,103,170
Blek,36,22,9,29.7,10270,10880,0.982,90801.00,97.2,120,263
Malmo,36,23,9,41.5,25635,13482,0,209584.00,14.8,58,136
Norrb,37,1,10,0.4,171,358,0.283,45356.00,1.8,1439,513
Vasterb,37,2,10,0.9,242,624,0.118,53144.00,13.1,1179,415
Jamt,37,3,10,0.8,233,1306,0.813,44239.00,1.4,976,222
Vastern,37,4,10,3.6,1179,2474,0.303,83920.00,12.7,962,387
Gavle,37,5,10,5.4,1628,4262,2.43,107250.00,11.9,756,336
Koppar,37,6,10,4.6,2184,4013,1.71,139538.00,6.3,696,221
Varm,37,7,10,9.6,4546,3456,5.726,186783.00,36.6,564,140
Upps,37,8,10,11.8,7720,8312,6.939,84777.00,46.9,588,422
Vastml,37,9,10,13.8,6313,5168,8.467,91461.00,44.8,557,337
Stock,37,10,10,28.1,8365,10194,9.28,190753.00,18,519,453
Orebro,37,11,10,13,4750,5307,3.532,121530.00,3.9,499,254
Soderml,37,12,10,16.9,5743,9081,2.422,111833.00,10,463,361
Skara,37,13,10,21.3,17199,13207,5.352,175175.00,57.1,382,170
Alvsb,37,14,10,17,9538,6704,2.179,210259.00,13.9,352,101
Goteborg,37,15,10,29.5,13139,12924,0.564,157012.00,4.7,381,44
Ostergl,37,16,10,16.9,7642,6734,4.894,197045.00,55,375,302
Kalmar,37,17,10,14.9,6631,8033,0.941,174011.00,27.9,237,323
Jonk,37,18,10,13.5,8201,8914,1.495,144853.00,30.1,269,217
Halland,37,19,10,16.3,11172,9653,0,93355.00,20.8,208,107
Kronob,37,20,10,12.1,5068,7553,5.727,114156.00,50.7,184,224
Kristian,37,21,10,25,13607,12568,1.424,157933.00,44.6,103,170
Blek,37,22,10,29.7,10270,10880,5.237,90801.00,81.8,120,263
Malmo,37,23,10,41.5,25635,13482,0,209584.00,29.3,58,136
Norrb,38,1,11,0.5,167,281,0.151,49328.00,2.3,1439,513
Vasterb,38,2,11,0.9,351,974,0.287,54603.00,9,1179,415
Jamt,38,3,11,0.8,230,1271,0.555,45769.00,1.6,976,222
Vastern,38,4,11,3.7,1260,2876,0.823,85875.00,10,962,387
Gavle,38,5,11,5.6,1733,4792,3.088,109797.00,14.2,756,336
Koppar,38,6,11,4.5,2204,4105,0.954,138141.00,5,696,221
Varm,38,7,11,10.1,4671,3882,6.24,195546.00,35.8,564,140
Upps,38,8,11,11.8,7940,8482,6.939,85294.00,48.3,588,422
Vastml,38,9,11,14,6569,5178,5.292,92494.00,34.2,557,337
Stock,38,10,11,28.6,8458,10930,7.217,194440.00,11.5,519,453
Orebro,38,11,11,13.4,4949,5232,0.214,125061.00,4.5,499,254
Soderml,38,12,11,17.4,6006,9101,2.876,114920.00,12.3,463,361
Skara,38,13,11,22,17674,9872,1.703,181048.00,2.2,382,170
Alvsb,38,14,11,17.6,9686,6948,1.292,218618.00,7.3,352,101
Goteborg,38,15,11,31,12227,12905,1.128,164974.00,17.3,381,44
Ostergl,38,16,11,17.7,8011,6851,2.833,206625.00,44.2,375,302
Kalmar,38,17,11,15.8,6751,7412,0.257,184557.00,41.8,237,323
Jonk,38,18,11,14.1,7755,8711,2.709,150477.00,26.7,269,217
Halland,38,19,11,16.6,11832,9703,0,94934.00,10.3,208,107
Kronob,38,20,11,12.9,5286,7428,1.167,121454.00,44,184,224
Kristian,38,21,11,26.3,13972,12112,0,165880.00,49.4,103,170
Blek,38,22,11,31.4,9052,8160,5.564,95807.00,61.5,120,263
Malmo,38,23,11,43.9,26179,13454,0,221670.00,47.1,58,136
Norrb,39,1,12,0.5,167,281,0.198,49328.00,4.1,1439,513
Vasterb,39,2,12,0.9,351,974,0.253,54603.00,6.3,1179,415
Jamt,39,3,12,0.8,230,1271,0.739,45769.00,1.9,976,222
Vastern,39,4,12,3.7,1260,2876,0.866,85875.00,7,962,387
Gavle,39,5,12,5.6,1733,4792,2.025,109797.00,10.3,756,336
Koppar,39,6,12,4.5,2204,4105,1.578,138141.00,8.4,696,221
Varm,39,7,12,10.1,4671,3882,7.376,195546.00,30.1,564,140
Upps,39,8,12,11.8,7940,8482,4.163,85294.00,35.7,588,422
Vastml,39,9,12,14,6569,5178,5.292,92494.00,34.8,557,337
Stock,39,10,12,28.6,8458,10930,8.985,194440.00,10.8,519,453
Orebro,39,11,12,13.4,4949,5232,0.856,125061.00,5,499,254
Soderml,39,12,12,17.4,6006,9101,4.693,114920.00,19.1,463,361
Skara,39,13,12,22,17674,9872,7.663,181048.00,85.2,382,170
Alvsb,39,14,12,17.6,9686,6948,7.426,218618.00,53,352,101
Goteborg,39,15,12,31,12227,12905,3.947,164974.00,39.3,381,44
Ostergl,39,16,12,17.7,8011,6851,3.434,206625.00,27.3,375,302
Kalmar,39,17,12,15.8,6751,7412,0.428,184557.00,28.5,237,323
Jonk,39,18,12,14.1,7755,8711,3.923,150477.00,28.4,269,217
Halland,39,19,12,16.6,11832,9703,0,94934.00,1.2,208,107
Kronob,39,20,12,12.9,5286,7428,3.394,121454.00,47.2,184,224
Kristian,39,21,12,26.3,13972,12112,0,165880.00,65.1,103,170
Blek,39,22,12,31.4,9052,8160,5.237,95807.00,69.7,120,263
Malmo,39,23,12,43.9,26179,13454,0,221670.00,78.8,58,136
Alvsb,43,14,16,18.8,10169,6998,5.086,233125.00,59,352,101
Goteborg,43,15,16,33.2,14013,12630,1.316,176696.00,48.9,381,44
Alvsb,44,14,17,18.8,10169,6998,3.955,233125.00,50.2,352,101
Goteborg,44,15,17,33.2,14013,12630,4.887,176696.00,63.2,381,44
Malmo,44,23,17,46.4,38236,19085,0,234207.00,5.9,58,136
Norrb,45,1,18,0.5,170,389,0.547,53429.00,3.9,1439,513
Vasterb,45,2,18,1,353,861,0.759,60815.00,10.9,1179,415
Jamt,45,3,18,0.9,252,1431,0.296,49077.00,4.7,976,222
Vastern,45,4,18,4.1,1411,2947,0.909,93775.00,13.7,962,387
Gavle,45,5,18,5.9,1980,4839,2.784,116175.00,9.9,756,336
Koppar,45,6,18,4.8,2282,4348,1.809,145333.00,8.5,696,221
Varm,45,7,18,10.8,4778,3803,5.261,209596.00,28.6,564,140
Upps,45,8,18,12.2,8146,8490,3.053,87700.00,38.2,588,422
Vastml,45,9,18,14.3,7402,5620,4.839,94850.00,53.1,557,337
Alvsb,45,14,18,18.8,10169,6998,3.713,233125.00,65.9,352,101
Goteborg,45,15,18,33.2,14013,12630,1.88,176696.00,63,381,44
Ostergl,45,16,18,18.4,8108,6659,1.975,214628.00,53.1,375,302
Kalmar,45,17,18,16.8,7233,7476,0.77,196116.00,14.7,237,323
Jonk,45,18,18,14.7,9366,9711,2.242,156988.00,34.7,269,217
Kronob,45,20,18,13.7,5554,7303,4.348,129186.00,46.5,184,224
Kristian,45,21,18,28.1,17857,13980,1.266,177767.00,58.6,103,170
Blek,45,22,18,33.5,9994,8881,0.654,102342.00,69.7,120,263
Malmo,45,23,18,46.4,38236,19085,0,234207.00,14.1,58,136
Norrb,46,1,19,0.5,170,389,0.349,53429.00,3.8,1439,513
Vasterb,46,2,19,1,353,861,0.438,60815.00,9.7,1179,415
Jamt,46,3,19,0.9,252,1431,0.277,49077.00,2.9,976,222
Vastern,46,4,19,4.1,1411,2947,0.217,93775.00,10.7,962,387
Gavle,46,5,19,5.9,1980,4839,2.278,116175.00,10.7,756,336
Koppar,46,6,19,4.8,2282,4348,1.283,145333.00,7,696,221
Upps,46,8,19,12.2,8146,8490,5.967,87700.00,34.7,588,422
Vastml,46,9,19,14.3,7402,5620,10.584,94850.00,51.4,557,337
Alvsb,46,14,19,18.8,10169,6998,3.552,233125.00,63.8,352,101
Goteborg,46,15,19,33.2,14013,12630,2.444,176696.00,72.2,381,44
Ostergl,46,16,19,18.4,8108,6659,2.404,214628.00,46.7,375,302
Kalmar,46,17,19,16.8,7233,7476,0.599,196116.00,13.2,237,323
Jonk,46,18,19,14.7,9366,9711,1.588,156988.00,20.6,269,217
Kronob,46,20,19,13.7,5554,7303,2.757,129186.00,46.3,184,224
Kristian,46,21,19,28.1,17857,13980,0.475,177767.00,42.1,103,170
Blek,46,22,19,33.5,9994,8881,0,102342.00,79.2,120,263
Malmo,46,23,19,46.4,38236,19085,0,234207.00,19.8,58,136
Alvsb,47,14,20,18.8,10169,6998,2.906,233125.00,59.4,352,101
Goteborg,47,15,20,33.2,14013,12630,3.195,176696.00,81.4,381,44
Alvsb,48,14,21,19.9,10407,6860,1.13,246136.00,29.6,352,101
Goteborg,48,15,21,35.3,14246,13026,2.632,187583.00,68.4,381,44
Alvsb,49,14,22,19.9,10407,6860,3.067,246136.00,56.3,352,101
Goteborg,49,15,22,35.3,14246,13026,5.639,187583.00,60.1,381,44
Malmo,49,23,22,50.1,43720,20018,0,253084.00,20.2,58,136
Norrb,50,1,23,0.6,178,384,0.377,58835.00,4.6,1439,513
Vasterb,50,2,23,1.1,352,892,0.22,67674.00,8.9,1179,415
Jamt,50,3,23,1,276,1562,0.425,52271.00,3,976,222
Vastern,50,4,23,4.3,1412,3023,0.303,99558.00,8.7,962,387
Gavle,50,5,23,6.1,2051,4725,1.619,120158.00,6.3,756,336
Koppar,50,6,23,5,2299,4407,1.217,151497.00,6.5,696,221
Vastml,50,9,23,14.6,7473,5810,5.141,96691.00,61.5,557,337
Alvsb,50,14,23,19.9,10407,6860,3.471,246136.00,76,352,101
Goteborg,50,15,23,35.3,14246,13026,2.255,187583.00,75.6,381,44
Ostergl,50,16,23,19.1,8576,6588,2.318,222484.00,45.3,375,302
Kalmar,50,17,23,17.3,7786,7823,0.855,202178.00,80,237,323
Jonk,50,18,23,15.3,8667,8974,0,163426.00,18.8,269,217
Halland,50,19,23,18.5,14204,10458,0.175,105726.00,39.3,208,107
Kronob,50,20,23,14.5,5529,7194,3.181,136623.00,41.9,184,224
Norrb,51,1,24,0.6,208,345,0.293,58835.00,5.2,1439,513
Vasterb,51,2,24,1.1,404,921,0.22,67674.00,9.3,1179,415
Jamt,51,3,24,1,301,1717,0.333,52271.00,4,976,222
Vastern,51,4,24,4.3,1568,3046,0.736,99558.00,8,962,387
Gavle,51,5,24,6.1,2177,4504,1.569,120158.00,9.5,756,336
Koppar,51,6,24,5,2407,4358,2.467,151497.00,6.4,696,221
Vastml,51,9,24,14.6,8274,5150,3.024,96691.00,59.4,557,337
Alvsb,51,14,24,19.9,13638,8018,4.197,246136.00,49.2,352,101
Goteborg,51,15,24,35.3,17350,11719,3.947,187583.00,81.8,381,44
Ostergl,51,16,24,19.1,9587,6747,1.459,222484.00,44.8,375,302
Kalmar,51,17,24,17.3,8615,9118,1.54,202178.00,65.2,237,323
Jonk,51,18,24,15.3,9215,8900,0.093,163426.00,6.2,269,217
Halland,51,19,24,18.5,15428,10179,0,105726.00,52.8,208,107
Kronob,51,20,24,14.5,6245,7268,1.909,136623.00,38.6,184,224
Norrb,52,1,25,0.6,208,345,0.424,58835.00,5.2,1439,513
Vasterb,52,2,25,1.1,404,921,0.287,67674.00,10,1179,415
Jamt,52,3,25,1,301,1717,0.351,52271.00,2.3,976,222
Vastern,52,4,25,4.3,1568,3046,0.606,99558.00,8.5,962,387
Gavle,52,5,25,6.1,2177,4504,1.518,120158.00,9.1,756,336
Koppar,52,6,25,5,2407,4358,0.921,151497.00,6.1,696,221
Upps,52,8,25,12.4,8290,9352,2.082,89323.00,60.8,588,422
Vastml,52,9,25,14.6,8274,5150,3.629,96691.00,70.3,557,337
Alvsb,52,14,25,19.9,13638,8018,3.471,246136.00,66.6,352,101
Goteborg,52,15,25,35.3,17350,11719,1.692,187583.00,97,381,44
Ostergl,52,16,25,19.1,9587,6747,1.288,222484.00,45.3,375,302
Jonk,52,18,25,15.3,9215,8900,1.495,163426.00,12.2,269,217
Halland,52,19,25,18.5,15428,10179,0,105726.00,43,208,107
Kronob,52,20,25,14.5,6245,7268,1.909,136623.00,39.8,184,224
Norrb,53,1,26,0.6,208,345,0.301,63649.00,5.1,1439,513
Vasterb,53,2,26,1.3,404,921,0.253,75974.00,9,1179,415
Jamt,53,3,26,1,301,1717,0.406,56127.00,2.4,976,222
Vastern,53,4,26,4.7,1568,3046,0.952,107631.00,9.6,962,387
Gavle,53,5,26,6.4,2177,4504,1.468,126368.00,7.8,756,336
Koppar,53,6,26,5.2,2407,4358,1.414,158755.00,9.2,696,221
Upps,53,8,26,12.6,8290,9352,1.943,90877.00,58.8,588,422
Vastml,53,9,26,15,8274,5150,1.966,98879.00,59.3,557,337
Alvsb,53,14,26,20.5,13638,8018,0.727,254290.00,55.4,352,101
Goteborg,53,15,26,37,17350,11719,2.444,196662.00,79.1,381,44
Ostergl,53,16,26,19.9,9587,6747,1.288,231358.00,37.1,375,302
Halland,53,19,26,19.4,15428,10179,0.175,110815.00,36.7,208,107
Norrb,54,1,27,0.6,208,345,0.293,63649.00,4,1439,513
Vasterb,54,2,27,1.3,404,921,0.168,75974.00,8.2,1179,415
Jamt,54,3,27,1,301,1717,0.462,56127.00,3.6,976,222
Vastern,54,4,27,4.7,1568,3046,0.822,107631.00,11.1,962,387
Gavle,54,5,27,6.4,2177,4504,2.126,126368.00,39.6,756,336
Koppar,54,6,27,5.2,2407,4358,1.447,158755.00,6.4,696,221
Upps,54,8,27,12.6,8290,9352,2.498,90877.00,52.7,588,422
Vastml,54,9,27,15,8274,5150,3.78,98879.00,82.3,557,337
Alvsb,54,14,27,20.5,13638,8018,0.565,254290.00,49.6,352,101
Goteborg,54,15,27,37,17350,11719,1.316,196662.00,80.8,381,44
Ostergl,54,16,27,19.9,9587,6747,0.429,231358.00,34.4,375,302
Halland,54,19,27,19.4,15428,10179,0.175,110815.00,46.2,208,107
Kronob,54,20,27,15.2,6245,7268,2.651,143707.00,47,184,224
Norrb,55,1,28,0.6,208,345,0.934,63649.00,5.2,1439,513
Vasterb,55,2,28,1.3,404,921,0.59,75974.00,8.3,1179,415
Jamt,55,3,28,1,301,1717,0.665,56127.00,3.9,976,222
Vastern,55,4,28,4.7,1568,3046,0.735,107631.00,12.2,962,387
Gavle,55,5,28,6.4,2177,4504,2.481,126368.00,10.4,756,336
Koppar,55,6,28,5.2,2407,4358,1.48,158755.00,6.9,696,221
Upps,55,8,28,12.6,8290,9352,3.886,90877.00,63.8,588,422
Vastml,55,9,28,15,8274,5150,2.57,98879.00,85.4,557,337
Alvsb,55,14,28,20.5,13638,8018,1.21,254290.00,62,352,101
Goteborg,55,15,28,37,17350,11719,0.376,196662.00,75.9,381,44
Ostergl,55,16,28,19.9,9587,6747,1.718,231358.00,34.9,375,302
Kalmar,55,17,28,18.2,8615,9118,1.676,212432.00,87.5,237,323
Jonk,55,18,28,15.6,9215,8900,0.093,166591.00,17.3,269,217
Halland,55,19,28,19.4,15428,10179,0.175,110815.00,40.4,208,107
Kronob,55,20,28,15.2,6245,7268,2.015,143707.00,49.8,184,224
Norrb,56,1,29,0.6,291,336,0.283,63649.00,5.8,1439,513
Vasterb,56,2,29,1.3,542,846,0.371,75974.00,8.1,1179,415
Jamt,56,3,29,1,357,1690,0.925,56127.00,4.4,976,222
Vastern,56,4,29,4.7,1551,2758,1.558,107631.00,12.9,962,387
Gavle,56,5,29,6.4,2805,3159,1.671,126368.00,8.4,756,336
Koppar,56,6,29,5.2,3076,3349,1.744,158755.00,3.3,696,221
Upps,56,8,29,12.6,11943,6608,1.804,90877.00,63.6,588,422
Vastml,56,9,29,15,9818,5236,3.477,98879.00,77.7,557,337
Orebro,56,11,29,15.3,9573,5595,0.235,142863.00,3.5,499,254
Alvsb,56,14,29,20.5,14373,6542,1.292,254290.00,57.6,352,101
Goteborg,56,15,29,37,21840,11455,1.692,196662.00,77.4,381,44
Ostergl,56,16,29,19.9,13434,7172,0.601,231358.00,26.4,375,302
Halland,56,19,29,19.4,20784,10578,0,110815.00,60.3,208,107
Kronob,56,20,29,15.2,9224,7425,1.379,143707.00,56,184,224
Blek,56,22,29,36.4,13885,10198,0,111255.00,63.5,120,263
Malmo,56,23,29,53.2,56852,20448,0,268579.00,14.5,58,136
Norrb,57,1,30,0.6,291,336,0.462,63649.00,5,1439,513
Vasterb,57,2,30,1.3,542,846,0.354,75974.00,8.1,1179,415
Jamt,57,3,30,1,357,1690,0.592,56127.00,3.3,976,222
Vastern,57,4,30,4.7,1551,2758,0.866,107631.00,8.3,962,387
Gavle,57,5,30,6.4,2805,3159,1.671,126368.00,7.2,756,336
Koppar,57,6,30,5.2,3076,3349,1.908,158755.00,5.9,696,221
Varm,57,7,30,12,8613,4821,1.712,232521.00,34.1,564,140
Upps,57,8,30,12.6,11943,6608,2.359,90877.00,66.9,588,422
Vastml,57,9,30,15,9818,5236,2.268,98879.00,84.4,557,337
Stock,57,10,30,31.8,11792,7040,0.736,216008.00,25.9,519,453
Orebro,57,11,30,15.3,9573,5595,0.235,142863.00,3.5,499,254
Skara,57,13,30,25.4,35004,10418,0.9,208795.00,102.7,382,170
Alvsb,57,14,30,20.5,14373,6542,1.291,254290.00,68.5,352,101
Goteborg,57,15,30,37,21840,11455,0.188,196662.00,102.2,381,44
Ostergl,57,16,30,19.9,13434,7172,0.344,231358.00,28.6,375,302
Kalmar,57,17,30,18.2,14148,8987,0.513,212432.00,110.5,237,323
Halland,57,19,30,19.4,20784,10578,0,110815.00,51.6,208,107
Kronob,57,20,30,15.2,9224,7425,1.697,143707.00,52.1,184,224
Kristian,57,21,30,31.1,24461,11708,0,196206.00,27.2,103,170
Blek,57,22,30,36.4,13885,10198,0.655,111255.00,70.4,120,263
Malmo,57,23,30,53.2,56852,20448,0,268579.00,13.3,58,136
Norrb,58,1,31,0.7,291,336,0.349,69225.00,5.9,1439,513
Vasterb,58,2,31,1.4,542,846,0.506,81478.00,9.6,1179,415
Jamt,58,3,31,1.1,357,1690,0.684,61218.00,4.1,976,222
Vastern,58,4,31,5,1551,2758,0.476,116669.00,9.2,962,387
Gavle,58,5,31,6.9,2805,3159,1.67,136061.00,8.4,756,336
Koppar,58,6,31,5.5,3076,3349,1.513,166899.00,6.3,696,221
Varm,58,7,31,12.7,8613,4821,1.712,247171.00,34.1,564,140
Upps,58,8,31,12.8,11943,6608,3.192,92536.00,65,588,422
Vastml,58,9,31,15.6,9818,5236,1.966,103300.00,82.1,557,337
Stock,58,10,31,34.5,11792,7040,2.946,234128.00,72.2,519,453
Orebro,58,11,31,16.2,9573,5595,0.235,151651.00,3.5,499,254
Skara,58,13,31,27,35004,10418,0.9,222240.00,88.1,382,170
Alvsb,58,14,31,21.7,14373,6542,1.13,269322.00,77.4,352,101
Goteborg,58,15,31,40.3,21840,11455,1.504,214342.00,109.2,381,44
Ostergl,58,16,31,20.7,13434,7172,0.429,240917.00,19.5,375,302
Kalmar,58,17,31,18.9,14148,8987,1.796,221029.00,88.3,237,323
Jonk,58,18,31,16,13332,9561,0,171011.00,78.1,269,217
Halland,58,19,31,20.9,20784,10578,0,119578.00,58.2,208,107
Kronob,58,20,31,16.1,9224,7425,1.697,152225.00,49.2,184,224
Kristian,58,21,31,33.2,24461,11708,0,209581.00,27.7,103,170
Blek,58,22,31,38.6,13885,10198,0.327,117875.00,95.2,120,263
Malmo,58,23,31,56.3,56852,20448,0,284430.00,13.3,58,136
Norrb,59,1,32,0.7,291,336,0.557,69225.00,5.6,1439,513
Vasterb,59,2,32,1.4,542,846,0.236,81478.00,8.8,1179,415
Jamt,59,3,32,1.1,357,1690,0.555,61218.00,3.7,976,222
Vastern,59,4,32,5,1551,2758,0.952,116669.00,11.9,962,387
Gavle,59,5,32,6.9,2805,3159,1.114,136061.00,8.9,756,336
Koppar,59,6,32,5.5,3076,3349,2.072,166899.00,10.5,696,221
Varm,59,7,32,12.7,8613,4821,1.712,247171.00,34.1,564,140
Upps,59,8,32,12.8,11943,6608,2.914,92536.00,65.5,588,422
Vastml,59,9,32,15.6,9818,5236,0.604,103300.00,98.3,557,337
Stock,59,10,32,34.5,11792,7040,0.295,234128.00,38.1,519,453
Orebro,59,11,32,16.2,9573,5595,0.235,151651.00,3.5,499,254
Skara,59,13,32,27,35004,10418,0.9,222240.00,108.6,382,170
Alvsb,59,14,32,21.7,14373,6542,1.049,269322.00,24.9,352,101
Goteborg,59,15,32,40.3,21840,11455,0.94,214342.00,128.4,381,44
Ostergl,59,16,32,20.7,13434,7172,1.288,240917.00,62.4,375,302
Kalmar,59,17,32,18.9,14148,8987,1.368,221029.00,119.5,237,323
Jonk,59,18,32,16,13332,9561,0.653,171011.00,116.9,269,217
Halland,59,19,32,20.9,20784,10578,0.175,119578.00,41.1,208,107
Kronob,59,20,32,16.1,9224,7425,0.106,152225.00,44,184,224
Kristian,59,21,32,33.2,24461,11708,0,209581.00,27.5,103,170
Blek,59,22,32,38.6,13885,10198,0,117875.00,117.8,120,263
Malmo,59,23,32,56.3,56852,20448,0,284430.00,13.7,58,136
Norrb,60,1,33,0.7,291,336,0.386,69225.00,5.6,1439,513
Vasterb,60,2,33,1.4,542,846,0.152,81478.00,10.1,1179,415
Jamt,60,3,33,1.1,357,1690,0.388,61218.00,4.5,976,222
Vastern,60,4,33,5,1551,2758,1.039,116669.00,16.8,962,387
Gavle,60,5,33,6.9,2805,3159,1.468,136061.00,10,756,336
Koppar,60,6,33,5.5,3076,3349,1.381,166899.00,16.6,696,221
Varm,60,7,33,12.7,8613,4821,1.712,247171.00,34.1,564,140
Upps,60,8,33,12.8,11943,6608,2.081,92536.00,85.2,588,422
Vastml,60,9,33,15.6,9818,5236,2.117,103300.00,114,557,337
Stock,60,10,33,34.5,11792,7040,1.768,234128.00,170.7,519,453
Orebro,60,11,33,16.2,9573,5595,0.235,151651.00,3.5,499,254
Skara,60,13,33,27,35004,10418,0.9,222240.00,126,382,170
Alvsb,60,14,33,21.7,14373,6542,1.615,269322.00,83.2,352,101
Goteborg,60,15,33,40.3,21840,11455,1.88,214342.00,124.1,381,44
Ostergl,60,16,33,20.7,13434,7172,0.859,240917.00,47.3,375,302
Kalmar,60,17,33,18.9,14148,8987,1.197,221029.00,79.9,237,323
Jonk,60,18,33,16,13332,9561,0,171011.00,140.9,269,217
Halland,60,19,33,20.9,20784,10578,0.525,119578.00,83,208,107
Kronob,60,20,33,16.1,9224,7425,2.439,152225.00,50.1,184,224
Kristian,60,21,33,33.2,24461,11708,0,209581.00,29.6,103,170
Blek,60,22,33,38.6,13885,10198,0,117875.00,158.4,120,263
Malmo,60,23,33,56.3,56852,20448,0,284430.00,15.4,58,136
Norrb,61,1,34,0.7,233,117,0.367,69225.00,5,1439,513
Vasterb,61,2,34,1.4,508,254,0.101,81478.00,8.7,1179,415
Jamt,61,3,34,1.1,353,177,0.073,61218.00,2.4,976,222
Vastern,61,4,34,5,1647,823,0.822,116669.00,14.5,962,387
Gavle,61,5,34,6.9,2686,1343,1.316,136061.00,15.4,756,336
Koppar,61,6,34,5.5,3144,1572,1.348,166899.00,11.3,696,221
Varm,61,7,34,12.7,8000,4000,0.99,247171.00,36.7,564,140
Upps,61,8,34,12.8,11287,5644,1.943,92536.00,94.2,588,422
Vastml,61,9,34,15.6,10470,5235,0.908,103300.00,121.7,557,337
Stock,61,10,34,34.5,12180,6090,2.209,234128.00,147.6,519,453
Orebro,61,11,34,16.2,9495,4748,0,151651.00,3.2,499,254
Skara,61,13,34,27,33088,16544,0.487,222240.00,145.2,382,170
Alvsb,61,14,34,21.7,15166,7583,2.018,269322.00,98.3,352,101
Goteborg,61,15,34,40.3,19158,9579,0.752,214342.00,122,381,44
Ostergl,61,16,34,20.7,14417,7209,0.429,240917.00,64.7,375,302
Kalmar,61,17,34,18.9,12373,6187,1.369,221029.00,106,237,323
Jonk,61,18,34,16,12831,6416,0.374,171011.00,116.5,269,217
Halland,61,19,34,20.9,19948,9974,0.7,119578.00,79,208,107
Kronob,61,20,34,16.1,8942,4471,0.318,152225.00,40.7,184,224
Kristian,61,21,34,33.2,24655,12327,0,209581.00,77.3,103,170
Blek,61,22,34,38.6,14101,7051,0,117875.00,117.8,120,263
Malmo,61,23,34,56.3,57059,28529,0,284430.00,52.3,58,136
Norrb,62,1,35,0.7,233,117,0.452,69225.00,4.5,1439,513
Vasterb,62,2,35,1.4,508,254,0.051,81478.00,6.3,1179,415
Jamt,62,3,35,1.1,353,177,0.407,61218.00,3,976,222
Vastern,62,4,35,5,1647,823,0.779,116669.00,14.9,962,387
Gavle,62,5,35,6.9,2686,1343,1.62,136061.00,15.3,756,336
Koppar,62,6,35,5.5,3144,1572,1.282,166899.00,14.2,696,221
Varm,62,7,35,12.7,8000,4000,0.863,247171.00,39.3,564,140
Upps,62,8,35,12.8,11287,5644,0.833,92536.00,102.4,588,422
Vastml,62,9,35,15.6,10470,5235,1.512,103300.00,123.8,557,337
Stock,62,10,35,34.5,12180,6090,0.589,234128.00,139.2,519,453
Orebro,62,11,35,16.2,9495,4748,0,151651.00,7.9,499,254
Soderml,62,12,35,19.2,11710,5855,0.454,126705.00,58,463,361
Skara,62,13,35,27,33088,16544,0.73,222240.00,131.9,382,170
Alvsb,62,14,35,21.7,15166,7583,0.888,269322.00,99.3,352,101
Goteborg,62,15,35,40.3,19158,9579,0.564,214342.00,124.4,381,44
Ostergl,62,16,35,20.7,14417,7209,0.429,240917.00,67.6,375,302
Kalmar,62,17,35,18.9,12373,6187,0.855,221029.00,122.7,237,323
Jonk,62,18,35,16,12831,6416,0,171011.00,97,269,217
Halland,62,19,35,20.9,19948,9974,0.525,119578.00,73.3,208,107
Kronob,62,20,35,16.1,8942,4471,0.106,152225.00,36.7,184,224
Kristian,62,21,35,33.2,24655,12327,0.95,209581.00,77.7,103,170
Blek,62,22,35,38.6,14101,7051,0,117875.00,134.5,120,263
Malmo,62,23,35,56.3,57059,28529,0,284430.00,54.6,58,136
Norrb,63,1,36,0.7,233,117,0.452,74576.00,5.1,1439,513
Vasterb,63,2,36,1.5,508,254,0.388,88763.00,6.8,1179,415
Jamt,63,3,36,1.3,353,177,0.314,68071.00,3.5,976,222
Vastern,63,4,36,5.5,1647,823,1.255,127524.00,15.1,962,387
Gavle,63,5,36,7.3,2686,1343,2.075,143793.00,16.5,756,336
Koppar,63,6,36,5.7,3144,1572,1.217,174758.00,13.1,696,221
Varm,63,7,36,13.4,8000,4000,0.727,259612.00,41.9,564,140
Upps,63,8,36,13.4,11287,5644,0.694,96766.00,101.5,588,422
Vastml,63,9,36,16.5,10470,5235,1.663,108859.00,114.8,557,337
Stock,63,10,36,38.6,12180,6090,0.295,261819.00,159.5,519,453
Orebro,63,11,36,17.4,9495,4748,0,162717.00,10.9,499,254
Soderml,63,12,36,20.3,11710,5855,0,133900.00,57.7,463,361
Skara,63,13,36,28.8,33088,16544,0.122,236775.00,116.9,382,170
Alvsb,63,14,36,22.5,15166,7583,1.534,279153.00,93.6,352,101
Goteborg,63,15,36,43.6,19158,9579,0.188,232181.00,132.1,381,44
Ostergl,63,16,36,21.7,14417,7209,0.429,253148.00,62.4,375,302
Kalmar,63,17,36,19.9,12373,6187,0.086,233165.00,133.6,237,323
Jonk,63,18,36,17.2,12831,6416,0.093,183851.00,108.1,269,217
Halland,63,19,36,22,19948,9974,0,126060.00,62.8,208,107
Kronob,63,20,36,17.2,8942,4471,0,162553.00,49.3,184,224
Kristian,63,21,36,35.2,24655,12327,0,222235.00,66.6,103,170
Blek,63,22,36,41.1,14101,7051,0,125436.00,90.3,120,263
Malmo,63,23,36,60.4,57059,28529,0,305261.00,52.5,58,136
Norrb,64,1,37,0.7,233,117,0.613,74576.00,5.8,1439,513
Vasterb,64,2,37,1.5,508,254,0.438,88763.00,5.8,1179,415
Jamt,64,3,37,1.3,353,177,0.573,68071.00,4.9,976,222
Vastern,64,4,37,5.5,1647,823,1.817,127524.00,24.8,962,387
Gavle,64,5,37,7.3,2686,1343,1.974,143793.00,22,756,336
Koppar,64,6,37,5.7,3144,1572,1.447,174758.00,15.4,696,221
Varm,64,7,37,13.4,8000,4000,0.595,259612.00,44.5,564,140
Upps,64,8,37,13.4,11287,5644,1.249,96766.00,111.7,588,422
Vastml,64,9,37,16.5,10470,5235,1.361,108859.00,109.2,557,337
Stock,64,10,37,38.6,12180,6090,0.589,261819.00,107.1,519,453
Orebro,64,11,37,17.4,9495,4748,0,162717.00,6.2,499,254
Soderml,64,12,37,20.3,11710,5855,0,133900.00,73.9,463,361
Skara,64,13,37,28.8,33088,16544,0.122,236775.00,107.3,382,170
Alvsb,64,14,37,22.5,15166,7583,1.534,279153.00,83.6,352,101
Goteborg,64,15,37,43.6,19158,9579,0.564,232181.00,115.2,381,44
Ostergl,64,16,37,21.7,14417,7209,0.601,253148.00,73.2,375,302
Kalmar,64,17,37,19.9,12373,6187,0,233165.00,76.3,237,323
Jonk,64,18,37,17.2,12831,6416,0.467,183851.00,116.1,269,217
Halland,64,19,37,22,19948,9974,0.874,126060.00,74.5,208,107
Kronob,64,20,37,17.2,8942,4471,0.212,162553.00,53.6,184,224
Kristian,64,21,37,35.2,24655,12327,0,222235.00,82.8,103,170
Blek,64,22,37,41.1,14101,7051,0,125436.00,130.9,120,263
Malmo,64,23,37,60.4,57059,28529,0,305261.00,53.5,58,136
Norrb,65,1,38,0.7,233,117,0.358,74576.00,6.6,1439,513
Vasterb,65,2,38,1.5,508,254,0.051,88763.00,6.3,1179,415
Jamt,65,3,38,1.3,353,177,0.351,68071.00,2.9,976,222
Vastern,65,4,38,5.5,1647,823,1.082,127524.00,20.1,962,387
Gavle,65,5,38,7.3,2686,1343,2.835,143793.00,32.5,756,336
Koppar,65,6,38,5.7,3144,1572,1.315,174758.00,18.3,696,221
Varm,65,7,38,13.4,8000,4000,0.464,259612.00,47.1,564,140
Upps,65,8,38,13.4,11287,5644,0.833,96766.00,136,588,422
Vastml,65,9,38,16.5,10470,5235,0.605,108859.00,55.9,557,337
Stock,65,10,38,38.6,12180,6090,0.442,261819.00,113.6,519,453
Orebro,65,11,38,17.4,9495,4748,0.428,162717.00,46.1,499,254
Soderml,65,12,38,20.3,11710,5855,0.454,133900.00,80.2,463,361
Skara,65,13,38,28.8,33088,16544,0,236775.00,56.9,382,170
Ostergl,65,16,38,21.7,14417,7209,0.258,253148.00,79.3,375,302
Kalmar,65,17,38,19.9,12373,6187,0,233165.00,164.4,237,323
Jonk,65,18,38,17.2,12831,6416,0.28,183851.00,109.1,269,217
Halland,65,19,38,22,19948,9974,0.35,126060.00,86,208,107
Kronob,65,20,38,17.2,8942,4471,0,162553.00,178,184,224
Kristian,65,21,38,35.2,24655,12327,0,222235.00,191.9,103,170
Blek,65,22,38,41.1,14101,7051,0,125436.00,139.1,120,263
Malmo,65,23,38,60.4,57059,28529,0,305261.00,81.4,58,136
Norrb,66,1,39,0.7,175,450,0.113,74576.00,16,1439,513
Vasterb,66,2,39,1.5,475,1095,0.169,88763.00,15,1179,415
Jamt,66,3,39,1.3,349,2106,0.684,68071.00,6.1,976,222
Vastern,66,4,39,5.5,1743,3202,1.255,127524.00,23.5,962,387
Gavle,66,5,39,7.3,2568,3855,1.265,143793.00,42.3,756,336
Koppar,66,6,39,5.7,3212,3783,1.315,174758.00,22.1,696,221
Varm,66,7,39,13.4,7386,4467,0.876,259612.00,64.9,564,140
Upps,66,8,39,13.4,10632,6221,0.833,96766.00,57.6,588,422
Vastml,66,9,39,16.5,11122,4993,0.756,108859.00,73.2,557,337
Stock,66,10,39,38.6,12568,7027,0.147,261819.00,82.9,519,453
Orebro,66,11,39,17.4,9418,5707,0,162717.00,86.4,499,254
Soderml,66,12,39,20.3,12777,10494,0,133900.00,53.7,463,361
Skara,66,13,39,28.8,31172,10009,0,236775.00,91.1,382,170
Ostergl,66,16,39,21.7,15400,7625,0.343,253148.00,59.6,375,302
Kalmar,66,17,39,19.9,10598,9453,0,233165.00,141.1,237,323
Jonk,66,18,39,17.2,12331,9848,0.093,183851.00,108.8,269,217
Halland,66,19,39,22,19113,9296,0.35,126060.00,89.9,208,107
Kronob,66,20,39,17.2,8660,7778,0,162553.00,63.6,184,224
Blek,66,22,39,41.1,14317,8646,0,125436.00,188.5,120,263
Malmo,66,23,39,60.4,57265,23550,0,305261.00,59.2,58,136
Norrb,67,1,40,0.7,199,431,0.208,74576.00,14.4,1439,513
Vasterb,67,2,40,1.5,465,950,0.27,88763.00,8.6,1179,415
Jamt,67,3,40,1.3,344,2020,0.591,68071.00,7.1,976,222
Vastern,67,4,40,5.5,1545,3061,0.693,127524.00,19.9,962,387
Gavle,67,5,40,7.3,2535,3850,1.316,143793.00,33.6,756,336
Koppar,67,6,40,5.7,3297,3621,1.052,174758.00,17.8,696,221
Varm,67,7,40,13.4,8115,4964,1.187,259612.00,60.9,564,140
Upps,67,8,40,13.4,10728,6135,0.972,96766.00,75.6,588,422
Vastml,67,9,40,16.5,11590,5014,0.604,108859.00,64,557,337
Stock,67,10,40,38.6,12611,6901,0.589,261819.00,86.8,519,453
Orebro,67,11,40,17.4,9535,5546,0.428,162717.00,74.7,499,254
Soderml,67,12,40,20.3,13185,10311,0,133900.00,56.6,463,361
Skara,67,13,40,28.8,31797,9754,0,236775.00,128,382,170
Alvsb,67,14,40,22.5,16099,8557,0.565,279153.00,90.7,352,101
Goteborg,67,15,40,43.6,23233,10182,0,232181.00,55.6,381,44
Ostergl,67,16,40,21.7,15369,7474,0,253148.00,68.5,375,302
Kalmar,67,17,40,19.9,10513,9359,0.171,233165.00,136.1,237,323
Jonk,67,18,40,17.2,12874,9860,0,183851.00,108.7,269,217
Halland,67,19,40,22,21010,9340,1.049,126060.00,93,208,107
Kronob,67,20,40,17.2,8459,7935,0,162553.00,73.2,184,224
Kristian,67,21,40,35.2,25266,13295,0,222235.00,286.1,103,170
Blek,67,22,40,41.1,14828,8504,0,125436.00,163.3,120,263
Malmo,67,23,40,60.4,57431,23585,0,305261.00,72.9,58,136
Norrb,68,1,41,0.7,193,535,0.085,76057.00,6.6,1439,513
Vasterb,68,2,41,1.5,427,847,0.118,91759.00,7.8,1179,415
Jamt,68,3,41,1.3,342,1988,0.629,70463.00,7.1,976,222
Vastern,68,4,41,5.8,1503,2923,0.605,134598.00,17.3,962,387
Gavle,68,5,41,7.5,2496,3621,1.164,147416.00,21,756,336
Koppar,68,6,41,5.8,3429,3371,0.757,175523.00,13.8,696,221
Varm,68,7,41,13.4,8209,4050,1.031,260392.00,60.1,564,140
Upps,68,8,41,14,10967,5030,0.555,100519.00,53.7,588,422
Vastml,68,9,41,17.2,12090,4173,0.907,114033.00,65.8,557,337
Stock,68,10,41,39.4,12917,5943,0,267260.00,107.2,519,453
Orebro,68,11,41,18,9439,4746,0.642,167796.00,54.1,499,254
Soderml,68,12,41,20.6,13258,9444,0,136114.00,56.5,463,361
Skara,68,13,41,29.6,31975,8130,0,243561.00,114.6,382,170
Alvsb,68,14,41,22.5,16125,7675,0.161,279233.00,81.7,352,101
Goteborg,68,15,41,43.7,22600,7829,0.188,232389.00,48.7,381,44
Ostergl,68,16,41,21.8,15395,6136,0,254265.00,63.3,375,302
Kalmar,68,17,41,19.9,10707,8262,0,233110.00,126.5,237,323
Jonk,68,18,41,16.8,12962,7133,0,179873.00,87.3,269,217
Halland,68,19,41,22.2,20965,7609,0,127221.00,75,208,107
Kronob,68,20,41,16.8,8599,5770,0,158879.00,52.3,184,224
Kristian,68,21,41,35.1,25473,12000,0,221957.00,144.7,103,170
Blek,68,22,41,41.3,14632,7796,0,126037.00,133.2,120,263
Malmo,68,23,41,62.6,56639,20790,0,316042.00,63.8,58,136
Norrb,69,1,42,0.7,233,494,0.094,76057.00,6.3,1439,513
Vasterb,69,2,42,1.5,450,977,0.085,91759.00,7.5,1179,415
Jamt,69,3,42,1.3,344,1988,0.351,70463.00,8.2,976,222
Vastern,69,4,42,5.8,1544,2985,0.65,134598.00,16.5,962,387
Gavle,69,5,42,7.5,2507,3645,0.607,147416.00,15.3,756,336
Varm,69,7,42,13.4,8133,4551,0.722,260392.00,35.6,564,140
Upps,69,8,42,14,11064,5707,0.832,100519.00,56.2,588,422
Vastml,69,9,42,17.2,11996,4660,1.36,114033.00,34,557,337
Stock,69,10,42,39.4,12674,6884,0.295,267260.00,72.3,519,453
Orebro,69,11,42,18,10261,5308,0.749,167796.00,47,499,254
Soderml,69,12,42,20.6,13658,9833,0,136114.00,43.6,463,361
Skara,69,13,42,29.6,32735,9019,0,243561.00,89.2,382,170
Alvsb,69,14,42,22.5,16447,7579,0.565,279233.00,63.4,352,101
Goteborg,69,15,42,43.7,23085,8697,0.188,232389.00,38.7,381,44
Ostergl,69,16,42,21.8,15888,6858,0,254265.00,45.5,375,302
Kalmar,69,17,42,19.9,10933,8661,0,233110.00,82.9,237,323
Jonk,69,18,42,16.8,12962,9860,0,179873.00,70.3,269,217
Halland,69,19,42,22.2,20608,8425,0,127221.00,48.6,208,107
Kronob,69,20,42,16.8,8636,6779,0,158879.00,47.4,184,224
Kristian,69,21,42,35.1,26399,13983,0,221957.00,84.9,103,170
Blek,69,22,42,41.3,14891,7537,0,126037.00,67.7,120,263
Malmo,69,23,42,62.6,56942,22999,0,316042.00,52.5,58,136
Vasterb,76,2,49,1.7,542,1027,0.151,98043.00,9.6,1179,415
Jamt,76,3,49,1.4,368,2058,0.74,75756.00,5.6,976,222
Vastern,76,4,49,6.5,1685,3298,0.822,150234.00,18.2,962,387
Gavle,76,5,49,8.3,2767,3757,0.658,163197.00,13.5,756,336
Upps,76,8,49,14.5,13155,5530,0.278,104371.00,59,588,422
Stock,76,10,49,42.6,13419,6077,0,289164.00,45.8,519,453
Orebro,76,11,49,19.2,11380,4631,0.428,178951.00,39.7,499,254
Soderml,76,12,49,21.3,14070,8635,0,140922.00,83.2,463,361
Alvsb,76,14,49,23.1,20534,7966,0.323,285810.00,68.4,352,101
Goteborg,76,15,49,45.9,23099,8232,0.376,244010.00,83.1,381,44
Kalmar,76,17,49,20.5,12045,9473,0,239847.00,101.8,237,323
Halland,76,19,49,23,23280,9895,0,131710.00,64.9,208,107
Kronob,76,20,49,17.6,11570,8813,0,165531.00,35.5,184,224
Kristian,76,21,49,36.3,27463,14200,0,229176.00,85.6,103,170
Blek,76,22,49,43.1,20170,14197,0,131812.00,63.5,120,263
Malmo,76,23,49,66.1,60495,18787,0,333924.00,101,58,136
Norrb,77,1,50,0.8,287,385,0.066,83356.00,3,1439,513
Vasterb,77,2,50,1.7,561,963,0.051,98043.00,8.6,1179,415
Jamt,77,3,50,1.4,363,2052,0.277,75756.00,6.7,976,222
Vastern,77,4,50,6.5,1673,3255,0.433,150234.00,19.7,962,387
Gavle,77,5,50,8.3,2779,3751,0.405,163197.00,16,756,336
Koppar,77,6,50,6.1,3502,3512,0.526,186612.00,19.6,696,221
Varm,77,7,50,13.8,8534,4846,0.929,267081.00,20,564,140
Upps,77,8,50,14.5,13274,5530,0.278,104371.00,73.7,588,422
Vastml,77,9,50,18.6,15336,4715,0,123057.00,40.2,557,337
Stock,77,10,50,42.6,13881,5897,0,289164.00,31.8,519,453
Orebro,77,11,50,19.2,11768,4232,0,178951.00,29,499,254
Soderml,77,12,50,21.3,16252,8098,0,140922.00,71.4,463,361
Skara,77,13,50,30.7,35872,8233,0,252724.00,111.9,382,170
Alvsb,77,14,50,23.1,20476,7562,0.081,285810.00,85.2,352,101
Goteborg,77,15,50,45.9,23461,7241,0.752,244010.00,93.8,381,44
Kalmar,77,17,50,20.5,12553,9269,0,239847.00,75,237,323
Halland,77,19,50,23,23477,9559,0,131710.00,53,208,107
Kronob,77,20,50,17.6,12140,8926,0,165531.00,23.9,184,224
Kristian,77,21,50,36.3,28070,14432,0,229176.00,85.2,103,170
Blek,77,22,50,43.1,21329,13999,0,131812.00,34,120,263
Malmo,77,23,50,66.1,62064,17608,0,333924.00,94.4,58,136
Norrb,78,1,51,0.9,281,377,0.236,90761.00,3,1439,513
Vasterb,78,2,51,1.8,578,950,0.185,106435.00,7.2,1179,415
Jamt,78,3,51,1.5,373,2051,0.462,83623.00,6.5,976,222
Vastern,78,4,51,7.3,1710,3462,0.649,169195.00,21.1,962,387
Gavle,78,5,51,9,2764,3782,0.354,178728.00,16.8,756,336
Koppar,78,6,51,6.3,3434,3556,0.263,190133.00,19.3,696,221
Varm,78,7,51,13.8,8552,4706,0.619,268417.00,80.4,564,140
Upps,78,8,51,15.4,13333,5556,0.555,111019.00,73,588,422
Vastml,78,9,51,19.4,16122,4556,0,128491.00,37.3,557,337
Stock,78,10,51,46.5,15222,6058,0,315796.00,50.7,519,453
Orebro,78,11,51,19.5,12151,4165,0,182263.00,29.8,499,254
Soderml,78,12,51,22.3,16642,7940,0,147186.00,82.8,463,361
Skara,78,13,51,31.4,36118,8380,0,257942.00,109.1,382,170
Alvsb,78,14,51,23.3,20711,7407,0.161,288947.00,82.8,352,101
Goteborg,78,15,51,49.1,23654,7944,0,261114.00,102.8,381,44
Kalmar,78,17,51,21,12760,9533,0,245105.00,74.1,237,323
Halland,78,19,51,23.7,24338,9790,0.175,135299.00,77.8,208,107
Kronob,78,20,51,18,12059,8475,0,169736.00,49.3,184,224
Kristian,78,21,51,36.5,28185,14661,0,230619.00,68.1,103,170
Blek,78,22,51,45,22211,12125,0,137477.00,56,120,263
Malmo,78,23,51,69.2,61957,17595,0,349310.00,106.9,58,136
Norrb,79,1,52,0.9,284,367,0.274,90761.00,3,1439,513
Vasterb,79,2,52,1.8,587,956,0.152,106435.00,8.8,1179,415
Jamt,79,3,52,1.5,384,1987,0.388,83623.00,4.3,976,222
Vastern,79,4,52,7.3,1798,3501,0.389,169195.00,18.1,962,387
Gavle,79,5,52,9,2725,3591,0.456,178728.00,17.1,756,336
Koppar,79,6,52,6.3,3358,3821,0.099,190133.00,15.6,696,221
Varm,79,7,52,13.8,8557,4232,1.238,268417.00,64.9,564,140
Upps,79,8,52,15.4,13713,5603,0,111019.00,81.6,588,422
Vastml,79,9,52,19.4,16232,4587,0,128491.00,56.2,557,337
Stock,79,10,52,46.5,15146,5998,0,315796.00,81.9,519,453
Orebro,79,11,52,19.5,12258,4020,0,182263.00,33.4,499,254
Soderml,79,12,52,22.3,16858,7752,0,147186.00,122.8,463,361
Skara,79,13,52,31.4,37376,8224,0,257942.00,109.4,382,170
Alvsb,79,14,52,23.3,20068,7504,0.161,288947.00,106.4,352,101
Goteborg,79,15,52,49.1,23617,7769,0.752,261114.00,100.4,381,44
Kalmar,79,17,52,21,12767,9406,0,245105.00,88.2,237,323
Halland,79,19,52,23.7,24409,10100,0,135299.00,65.2,208,107
Kronob,79,20,52,18,11638,8308,0,169736.00,43.7,184,224
Kristian,79,21,52,36.5,28942,12352,0,230619.00,83.3,103,170
Blek,79,22,52,45,23619,12155,0,137477.00,88.4,120,263
Malmo,79,23,52,69.2,62828,17072,0,349310.00,106.7,58,136
Norrb,80,1,53,0.9,291,304,0.151,90761.00,3.5,1439,513
Vasterb,80,2,53,1.8,573,847,0.118,106435.00,9.6,1179,415
Jamt,80,3,53,1.5,389,1947,0.332,83623.00,7.7,976,222
Vastern,80,4,53,7.3,1830,3300,0.173,169195.00,26.3,962,387
Gavle,80,5,53,9,2641,3544,0.304,178728.00,18.9,756,336
Koppar,80,6,53,6.3,3348,3740,0.033,190133.00,15.4,696,221
Varm,80,7,53,13.8,8586,4223,0.361,268417.00,48.7,564,140
Upps,80,8,53,15.4,14173,5451,0,111019.00,89.5,588,422
Vastml,80,9,53,19.4,16666,4180,0.151,128491.00,82.6,557,337
Stock,80,10,53,46.5,15128,5867,0,315796.00,118.9,519,453
Orebro,80,11,53,19.5,12446,3784,0.107,182263.00,67,499,254
Soderml,80,12,53,22.3,16854,7752,0,147186.00,150.2,463,361
Skara,80,13,53,31.4,39620,8234,0,257942.00,59.7,382,170
Alvsb,80,14,53,23.3,20399,7269,0,288947.00,61.8,352,101
Goteborg,80,15,53,49.1,23292,7051,0.376,261114.00,110.7,381,44
Ostergl,80,16,53,22.9,18445,6132,0,267133.00,106.7,375,302
Kalmar,80,17,53,21,12749,9262,0,245105.00,85.9,237,323
Jonk,80,18,53,18.3,14491,9580,0,196271.00,45.4,269,217
Halland,80,19,53,23.7,25630,9894,0,135299.00,77.5,208,107
Kronob,80,20,53,18,11562,7952,0,169736.00,66.2,184,224
Kristian,80,21,53,36.5,29108,12544,0,230619.00,100.5,103,170
Blek,80,22,53,45,23225,11505,0,137477.00,83.1,120,263
Malmo,80,23,53,69.2,63584,16316,0,349310.00,157.8,58,136
Norrb,81,1,54,0.9,300,276,0.311,90761.00,3.6,1439,513
Vasterb,81,2,54,1.8,599,702,0.084,106435.00,6.6,1179,415
Jamt,81,3,54,1.5,397,1903,0.203,83623.00,9.5,976,222
Vastern,81,4,54,7.3,1826,2831,0.043,169195.00,28,962,387
Gavle,81,5,54,9,2708,3436,0.152,178728.00,29.7,756,336
Koppar,81,6,54,6.3,3373,3519,0.197,190133.00,15.4,696,221
Varm,81,7,54,13.8,8653,4361,0.258,268417.00,50.1,564,140
Upps,81,8,54,15.4,14370,4470,0,111019.00,85.1,588,422
Vastml,81,9,54,19.4,16969,4015,0.151,128491.00,64.3,557,337
Stock,81,10,54,46.5,15533,5643,0,315796.00,65.3,519,453
Orebro,81,11,54,19.5,12544,3549,0.214,182263.00,43.5,499,254
Soderml,81,12,54,22.3,17430,7178,0,147186.00,123.5,463,361
Skara,81,13,54,31.4,39837,7919,0,257942.00,84.2,382,170
Alvsb,81,14,54,23.3,20500,6693,0,288947.00,69.7,352,101
Goteborg,81,15,54,49.1,23341,6833,0,261114.00,107.1,381,44
Ostergl,81,16,54,22.9,18078,5515,0,267133.00,98.8,375,302
Kalmar,81,17,54,21,13302,9023,0,245105.00,69.7,237,323
Jonk,81,18,54,18.3,14729,9515,0,196271.00,40.2,269,217
Halland,81,19,54,23.7,26256,9025,0,135299.00,47,208,107
Kronob,81,20,54,18,11415,7829,0,169736.00,27.1,184,224
Kristian,81,21,54,36.5,29194,12366,0,230619.00,97.7,103,170
Blek,81,22,54,45,23225,10359,0,137477.00,56.6,120,263
Malmo,81,23,54,69.2,65158,15061,0,349310.00,77.2,58,136
Norrb,82,1,55,0.9,299,289,0.33,90761.00,3.5,1439,513
Vasterb,82,2,55,1.8,625,729,0.017,106435.00,4.2,1179,415
Jamt,82,3,55,1.5,419,1999,0.129,83623.00,8.3,976,222
Vastern,82,4,55,7.3,1833,2816,0.216,169195.00,26,962,387
Gavle,82,5,55,9,2741,3515,0,178728.00,28.5,756,336
Koppar,82,6,55,6.3,3408,3519,0.164,190133.00,15,696,221
Varm,82,7,55,13.8,8623,4250,0.206,268417.00,20.3,564,140
Upps,82,8,55,15.4,14445,4470,0,111019.00,65,588,422
Vastml,82,9,55,19.4,17471,3948,0.302,128491.00,20.1,557,337
Stock,82,10,55,46.5,16304,5785,0,315796.00,88.2,519,453
Orebro,82,11,55,19.5,12932,3610,0,182263.00,43.5,499,254
Soderml,82,12,55,22.3,18000,6549,0,147186.00,119.1,463,361
Skara,82,13,55,31.4,41192,8086,0,257942.00,75.5,382,170
Alvsb,82,14,55,23.3,20681,6742,0,288947.00,57.4,352,101
Goteborg,82,15,55,49.1,23389,6979,0,261114.00,78.2,381,44
Ostergl,82,16,55,22.9,18487,5752,0,267133.00,85.3,375,302
Kalmar,82,17,55,21,13304,8854,0,245105.00,64.8,237,323
Jonk,82,18,55,18.3,15163,9356,0,196271.00,28.4,269,217
Halland,82,19,55,23.7,26329,9213,0,135299.00,56.3,208,107
Kronob,82,20,55,18,11593,8127,0,169736.00,63.3,184,224
Kristian,82,21,55,36.5,29436,12391,0,230619.00,96.1,103,170
Blek,82,22,55,45,23225,10352,0,137477.00,52,120,263
Malmo,82,23,55,69.2,64348,15327,0,349310.00,104.9,58,136
Norrb,83,1,56,0.9,308,332,0.113,96241.00,3.6,1439,513
Vasterb,83,2,56,1.9,631,805,0.034,113541.00,6.8,1179,415
Jamt,83,3,56,1.7,429,1987,0.092,93091.00,7,976,222
Vastern,83,4,56,8,1903,2897,0.13,184884.00,35.8,962,387
Gavle,83,5,56,9.7,2730,3512,0.051,191223.00,45.5,756,336
Koppar,83,6,56,6.4,3436,3536,0.099,194291.00,18,696,221
Varm,83,7,56,13.4,8604,4227,0.464,259958.00,29.6,564,140
Upps,83,8,56,16.2,14999,4473,0,116406.00,79.1,588,422
Vastml,83,9,56,20,17791,3832,0,132056.00,67.9,557,337
Stock,83,10,56,53.7,17024,5836,0,364529.00,99.4,519,453
Orebro,83,11,56,19.5,13161,3559,0,182513.00,47,499,254
Soderml,83,12,56,22.7,18384,6419,0,150032.00,144.4,463,361
Skara,83,13,56,30.8,41493,7796,0,253467.00,107.9,382,170
Alvsb,83,14,56,22.8,20775,6555,0.242,282335.00,81.8,352,101
Goteborg,83,15,56,52.8,25338,6490,0,281001.00,89.8,381,44
Ostergl,83,16,56,23,18993,5703,0,267842.00,120,375,302
Kalmar,83,17,56,20.6,13328,8963,0,240507.00,159.7,237,323
Jonk,83,18,56,18.4,15226,9293,0,197392.00,51,269,217
Halland,83,19,56,23.9,27098,9116,0,136973.00,92.5,208,107
Kronob,83,20,56,17.7,11691,8142,0,166881.00,69.8,184,224
Kristian,83,21,56,35.9,29505,12464,0.317,226787.00,99.6,103,170
Blek,83,22,56,45.8,23225,10148,0,140071.00,93.6,120,263
Malmo,83,23,56,70.9,64635,14847,0,358178.00,115,58,136
Norrb,84,1,57,0.9,323,337,0.358,96241.00,5.9,1439,513
Vasterb,84,2,57,1.9,652,822,0.169,113541.00,10.8,1179,415
Jamt,84,3,57,1.7,404,1952,0.092,93091.00,10.2,976,222
Vastern,84,4,57,8,1944,3411,0,184884.00,31.9,962,387
Gavle,84,5,57,9.7,2826,3685,0,191223.00,48.5,756,336
Koppar,84,6,57,6.4,3456,3507,0.23,194291.00,22.3,696,221
Varm,84,7,57,13.4,8546,4168,0.155,259958.00,35.5,564,140
Upps,84,8,57,16.2,15419,4474,0,116406.00,93.1,588,422
Vastml,84,9,57,20,17791,3832,0,132056.00,104.5,557,337
Stock,84,10,57,53.7,17424,5871,0,364529.00,141.3,519,453
Orebro,84,11,57,19.5,13440,3487,0,182513.00,63.7,499,254
Soderml,84,12,57,22.7,18852,6886,0,150032.00,149.7,463,361
Skara,84,13,57,30.8,42165,7735,0,253467.00,107.9,382,170
Alvsb,84,14,57,22.8,21002,6289,0.081,282335.00,91.9,352,101
Goteborg,84,15,57,52.8,23423,6637,0,281001.00,94.7,381,44
Ostergl,84,16,57,23,18637,5588,0,267842.00,136.5,375,302
Kalmar,84,17,57,20.6,14252,8864,0,240507.00,102.2,237,323
Jonk,84,18,57,18.4,15316,9301,0,197392.00,77.2,269,217
Halland,84,19,57,23.9,27328,8928,0,136973.00,90.7,208,107
Kronob,84,20,57,17.7,12083,8096,0,166881.00,87.8,184,224
Kristian,84,21,57,35.9,31561,11061,1.583,226787.00,118.4,103,170
Blek,84,22,57,45.8,23225,10350,0,140071.00,101.5,120,263
Malmo,84,23,57,70.9,65613,14250,0,358178.00,119.2,58,136
Norrb,85,1,58,0.9,321,339,0.179,96241.00,5.1,1439,513
Vasterb,85,2,58,1.9,548,949,0.051,113541.00,8.8,1179,415
Jamt,85,3,58,1.7,416,1831,0.296,93091.00,15.7,976,222
Vastern,85,4,58,8,1937,3408,0,184884.00,31.6,962,387
Gavle,85,5,58,9.7,2985,3729,0,191223.00,88.2,756,336
Koppar,85,6,58,6.4,3515,3461,0.395,194291.00,26.4,696,221
Varm,85,7,58,13.4,8546,4168,0.155,259958.00,30.7,564,140
Upps,85,8,58,16.2,15718,5380,0.139,116406.00,65.6,588,422
Vastml,85,9,58,20,17791,3832,0.302,132056.00,88.2,557,337
Stock,85,10,58,53.7,17934,6109,0,364529.00,127.6,519,453
Orebro,85,11,58,19.5,13534,3652,0,182513.00,64,499,254
Soderml,85,12,58,22.7,19276,6105,0,150032.00,140.2,463,361
Skara,85,13,58,30.8,43441,9131,0,253467.00,34.2,382,170
Alvsb,85,14,58,22.8,20992,6168,0.161,282335.00,108.4,352,101
Goteborg,85,15,58,52.8,23664,6552,0,281001.00,75.4,381,44
Ostergl,85,16,58,23,18998,6005,0.086,267842.00,73.1,375,302
Kalmar,85,17,58,20.6,13821,9041,0,240507.00,104.3,237,323
Jonk,85,18,58,18.4,15535,9227,0,197392.00,97.6,269,217
Halland,85,19,58,23.9,26178,9626,0,136973.00,82.9,208,107
Kronob,85,20,58,17.7,12556,8236,0,166881.00,88.6,184,224
Kristian,85,21,58,35.9,31880,11718,0,226787.00,109.4,103,170
Blek,85,22,58,45.8,22276,10375,0,140071.00,79.2,120,263
Malmo,85,23,58,70.9,64128,17414,0,358178.00,133.6,58,136
Norrb,86,1,59,0.9,338,417,0.198,96241.00,3.6,1439,513
Vasterb,86,2,59,1.9,539,982,0,113541.00,9.2,1179,415
Jamt,86,3,59,1.7,415,1784,0.092,93091.00,10,976,222
Vastern,86,4,59,8,2026,3605,0,184884.00,24.9,962,387
Gavle,86,5,59,9.7,2990,3843,0,191223.00,35.1,756,336
Koppar,86,6,59,6.4,3314,3273,0.099,194291.00,17.4,696,221
Varm,86,7,59,13.4,8546,4036,0.155,259958.00,29.6,564,140
Upps,86,8,59,16.2,15975,4562,0.139,116406.00,74.1,588,422
Vastml,86,9,59,20,17863,3832,0.302,132056.00,90.3,557,337
Stock,86,10,59,53.7,18466,6257,0,364529.00,109.3,519,453
Orebro,86,11,59,19.5,13684,3500,0,182513.00,64.5,499,254
Soderml,86,12,59,22.7,19703,5964,0,150032.00,118.7,463,361
Skara,86,13,59,30.8,40736,8488,0,253467.00,160.3,382,170
Alvsb,86,14,59,22.8,20761,6685,0.161,282335.00,91.6,352,101
Goteborg,86,15,59,52.8,23993,7012,0.188,281001.00,90.6,381,44
Ostergl,86,16,59,23,19653,6039,0,267842.00,93.1,375,302
Kalmar,86,17,59,20.6,13961,9037,0,240507.00,110.6,237,323
Jonk,86,18,59,18.4,15680,9412,0,197392.00,95.5,269,217
Halland,86,19,59,23.9,25581,9637,0.175,136973.00,63.3,208,107
Kronob,86,20,59,17.7,13344,8037,0,166881.00,89.4,184,224
Kristian,86,21,59,35.9,32060,11112,0,226787.00,105.9,103,170
Blek,86,22,59,45.8,24129,9843,0,140071.00,74,120,263
Malmo,86,23,59,70.9,63015,17026,0,358178.00,123.1,58,136
Norrb,87,1,60,0.9,397,374,0.33,96241.00,3.6,1439,513
Vasterb,87,2,60,1.9,531,895,0.017,113541.00,6.3,1179,415
Jamt,87,3,60,1.7,418,1785,0.277,93091.00,8.9,976,222
Vastern,87,4,60,8,2059,3312,0,184884.00,24.6,962,387
Gavle,87,5,60,9.7,3012,3618,0,191223.00,41.8,756,336
Koppar,87,6,60,6.4,3358,3115,0.164,194291.00,21.1,696,221
Varm,87,7,60,13.4,8546,3833,0.155,259958.00,31.5,564,140
Upps,87,8,60,16.2,16334,4440,0.139,116406.00,118.2,588,422
Vastml,87,9,60,20,17791,3832,0,132056.00,107.2,557,337
Stock,87,10,60,53.7,19225,6398,0,364529.00,75.7,519,453
Orebro,87,11,60,19.5,13981,3263,0,182513.00,74.1,499,254
Soderml,87,12,60,22.7,19481,5924,0,150032.00,123.5,463,361
Skara,87,13,60,30.8,40434,8065,0,253467.00,137.1,382,170
Alvsb,87,14,60,22.8,20761,5936,0.242,282335.00,69.3,352,101
Goteborg,87,15,60,52.8,25889,4168,0.188,281001.00,166.5,381,44
Ostergl,87,16,60,23,19944,5916,0,267842.00,101.2,375,302
Kalmar,87,17,60,20.6,15183,8914,0,240507.00,81.8,237,323
Jonk,87,18,60,18.4,15739,9460,0,197392.00,71.2,269,217
Halland,87,19,60,23.9,25568,9584,0.175,136973.00,73.6,208,107
Kronob,87,20,60,17.7,13738,7635,0,166881.00,102,184,224
Kristian,87,21,60,35.9,32510,11290,0,226787.00,114,103,170
Blek,87,22,60,45.8,24552,9538,0,140071.00,123.1,120,263
Malmo,87,23,60,70.9,64882,16517,0,358178.00,112.3,58,136
Norrb,88,1,61,1,370,284,0.16,104783.00,5.2,1439,513
Vasterb,88,2,61,2.1,530,789,0.017,122784.00,7,1179,415
Jamt,88,3,61,1.9,421,1825,0.277,100455.00,9.7,976,222
Vastern,88,4,61,9,2057,2717,0,208763.00,17.4,962,387
Gavle,88,5,61,10.5,3118,3583,0,206924.00,54.8,756,336
Koppar,88,6,61,6.5,3421,2931,0.132,197449.00,22.3,696,221
Varm,88,7,61,13.1,8546,3873,0.052,253326.00,35.7,564,140
Upps,88,8,61,16.8,16707,4451,0,121091.00,116.2,588,422
Vastml,88,9,61,20.8,17791,3828,0,137453.00,40.5,557,337
Stock,88,10,61,58.8,19138,6341,0,399169.00,73.2,519,453
Orebro,88,11,61,19.5,14194,3454,0,182557.00,68.1,499,254
Soderml,88,12,61,23.5,19777,5796,0,154991.00,119.3,463,361
Skara,88,13,61,30.1,44574,8157,0,247074.00,108.6,382,170
Alvsb,88,14,61,22.3,20900,5706,0.081,275780.00,62.7,352,101
Goteborg,88,15,61,56,25439,4052,1.128,297824.00,151.5,381,44
Ostergl,88,16,61,22.9,20383,6162,0,266619.00,117.8,375,302
Kalmar,88,17,61,19.9,15282,8955,0,232847.00,81.3,237,323
Jonk,88,18,61,18.1,16853,9816,0,193704.00,58.8,269,217
Halland,88,19,61,23.8,25529,9428,0,136106.00,16.6,208,107
Kronob,88,20,61,17.1,14025,7841,0,160835.00,79,184,224
Kristian,88,21,61,35.1,31918,11122,0,221691.00,103.4,103,170
Blek,88,22,61,46.7,26306,8579,0,142602.00,49.4,120,263
Malmo,88,23,61,73,65099,16410,0,368817.00,101.6,58,136
Norrb,89,1,62,1,357,326,0.104,104783.00,4.4,1439,513
Vasterb,89,2,62,2.1,563,744,0.017,122784.00,7.7,1179,415
Jamt,89,3,62,1.9,356,1729,0.277,100455.00,8.2,976,222
Vastern,89,4,62,9,2073,2854,0.043,208763.00,15.6,962,387
Gavle,89,5,62,10.5,3230,3648,0,206924.00,28.6,756,336
Koppar,89,6,62,6.5,3401,2668,0.296,197449.00,12.3,696,221
Varm,89,7,62,13.1,8556,4168,0.052,253326.00,18.4,564,140
Upps,89,8,62,16.8,17126,6856,0,121091.00,108,588,422
Vastml,89,9,62,20.8,17907,3828,0,137453.00,106.3,557,337
Stock,89,10,62,58.8,19294,6314,0,399169.00,80.4,519,453
Orebro,89,11,62,19.5,14576,3477,0,182557.00,62.2,499,254
Soderml,89,12,62,23.5,22929,5708,0,154991.00,129.1,463,361
Skara,89,13,62,30.1,44992,8009,0,247074.00,103.2,382,170
Alvsb,89,14,62,22.3,20195,5461,0.081,275780.00,44.1,352,101
Goteborg,89,15,62,56,24681,3403,0,297824.00,130.8,381,44
Ostergl,89,16,62,22.9,20506,6161,0,266619.00,84.8,375,302
Kalmar,89,17,62,19.9,15363,7891,0,232847.00,60,237,323
Jonk,89,18,62,18.1,17297,10109,0,193704.00,44.2,269,217
Halland,89,19,62,23.8,23203,8256,0.175,136106.00,62.8,208,107
Kronob,89,20,62,17.1,14047,7788,0,160835.00,77.5,184,224
Kristian,89,21,62,35.1,31737,11281,0,221691.00,106.9,103,170
Blek,89,22,62,46.7,26078,8261,0,142602.00,72,120,263
Malmo,89,23,62,73,65414,15014,0,368817.00,103.5,58,136
Norrb,90,1,63,1,331,315,0.208,104783.00,6.1,1439,513
Vasterb,90,2,63,2.1,598,743,0.034,122784.00,5.9,1179,415
Jamt,90,3,63,1.9,369,1672,0.277,100455.00,7.8,976,222
Vastern,90,4,63,9,2384,3013,0,208763.00,16.1,962,387
Gavle,90,5,63,10.5,3251,3831,0.152,206924.00,22.6,756,336
Koppar,90,6,63,6.5,3447,2799,0.066,197449.00,12.9,696,221
Varm,90,7,63,13.1,8543,4214,0.155,253326.00,23.8,564,140
Upps,90,8,63,16.8,17162,6855,0,121091.00,109.4,588,422
Vastml,90,9,63,20.8,17789,3828,0,137453.00,95.9,557,337
Stock,90,10,63,58.8,19215,6315,0,399169.00,92.4,519,453
Orebro,90,11,63,19.5,14540,3574,0,182557.00,92.7,499,254
Soderml,90,12,63,23.5,20418,5654,0,154991.00,126.5,463,361
Skara,90,13,63,30.1,44025,8034,0,247074.00,118.2,382,170
Alvsb,90,14,63,22.3,20128,5482,0.323,275780.00,63,352,101
Goteborg,90,15,63,56,24444,3650,0.376,297824.00,146,381,44
Ostergl,90,16,63,22.9,20515,6415,0,266619.00,107.2,375,302
Kalmar,90,17,63,19.9,15208,8098,0,232847.00,72.5,237,323
Jonk,90,18,63,18.1,17205,10070,0,193704.00,45.4,269,217
Halland,90,19,63,23.8,23456,9176,0,136106.00,81.7,208,107
Kronob,90,20,63,17.1,14153,7761,0,160835.00,80.3,184,224
Kristian,90,21,63,35.1,32647,11153,0,221691.00,99.9,103,170
Blek,90,22,63,46.7,25960,8503,0,142602.00,240.6,120,263
Malmo,90,23,63,73,64563,14885,0,368817.00,102.8,58,136
Norrb,91,1,64,1,332,307,0.292,104783.00,6.8,1439,513
Vasterb,91,2,64,2.1,570,733,0.186,122784.00,6.2,1179,415
Jamt,91,3,64,1.9,370,1649,0.795,100455.00,10,976,222
Vastern,91,4,64,9,2134,2984,0.043,208763.00,21.7,962,387
Gavle,91,5,64,10.5,3346,3837,0.051,206924.00,39.5,756,336
Koppar,91,6,64,6.5,3399,2551,0.164,197449.00,14.6,696,221
Varm,91,7,64,13.1,9421,4092,0.206,253326.00,32,564,140
Upps,91,8,64,16.8,17186,6855,0,121091.00,99.5,588,422
Vastml,91,9,64,20.8,17410,3834,0,137453.00,131.2,557,337
Stock,91,10,64,58.8,19085,6341,0,399169.00,97.2,519,453
Orebro,91,11,64,19.5,14402,3513,0,182557.00,82.2,499,254
Soderml,91,12,64,23.5,20735,5599,0,154991.00,179.2,463,361
Skara,91,13,64,30.1,44342,7820,0,247074.00,125.4,382,170
Alvsb,91,14,64,22.3,19655,5624,0.081,275780.00,77.4,352,101
Goteborg,91,15,64,56,23909,3832,0,297824.00,176.5,381,44
Ostergl,91,16,64,22.9,20335,6416,0,266619.00,143.3,375,302
Kalmar,91,17,64,19.9,14848,8170,0,232847.00,101.2,237,323
Jonk,91,18,64,18.1,17362,10071,0,193704.00,106.5,269,217
Halland,91,19,64,23.8,23494,9080,0.35,136106.00,88.1,208,107
Kronob,91,20,64,17.1,14125,7647,0,160835.00,89.8,184,224
Kristian,91,21,64,35.1,32900,11023,0,221691.00,112.1,103,170
Blek,91,22,64,46.7,25988,8590,0,142602.00,131.6,120,263
Malmo,91,23,64,73,65456,14849,0,368817.00,111.1,58,136
Norrb,92,1,65,1,343,268,0.472,104783.00,5.6,1439,513
Vasterb,92,2,65,2.1,650,885,0.321,122784.00,3,1179,415
Jamt,92,3,65,1.9,387,1652,0.481,100455.00,12.1,976,222
Vastern,92,4,65,9,2185,3039,0.043,208763.00,17.1,962,387
Gavle,92,5,65,10.5,3845,3910,0.051,206924.00,38.4,756,336
Koppar,92,6,65,6.5,3250,2510,0.099,197449.00,18.3,696,221
Varm,92,7,65,13.1,9915,4125,0.103,253326.00,39.1,564,140
Upps,92,8,65,16.8,17385,6854,0,121091.00,109.4,588,422
Vastml,92,9,65,20.8,17732,4084,0,137453.00,105.8,557,337
Stock,92,10,65,58.8,17158,6295,0,399169.00,113.1,519,453
Orebro,92,11,65,19.5,14407,3512,0,182557.00,65.9,499,254
Soderml,92,12,65,23.5,21387,5505,0,154991.00,134,463,361
Skara,92,13,65,30.1,44837,7789,0,247074.00,130.5,382,170
Alvsb,92,14,65,22.3,20045,5462,0.161,275780.00,62.5,352,101
Goteborg,92,15,65,56,24579,3968,0,297824.00,180.8,381,44
Ostergl,92,16,65,22.9,16362,6508,0,266619.00,141.1,375,302
Kalmar,92,17,65,19.9,14831,8360,0,232847.00,78.4,237,323
Jonk,92,18,65,18.1,22897,10323,0,193704.00,72.9,269,217
Halland,92,19,65,23.8,35671,8456,0.175,136106.00,73.1,208,107
Kronob,92,20,65,17.1,14343,7727,0,160835.00,72.3,184,224
Kristian,92,21,65,35.1,27607,10962,0,221691.00,105.1,103,170
Blek,92,22,65,46.7,25991,8599,0,142602.00,116.5,120,263
Malmo,92,23,65,73,58651,14324,0,368817.00,117.8,58,136
Norrb,93,1,66,1.1,324,224,0.226,115500.00,5.3,1439,513
Vasterb,93,2,66,2.2,655,917,0.135,133336.00,7.9,1179,415
Jamt,93,3,66,1.9,371,1619,0.85,104259.00,22.3,976,222
Vastern,93,4,66,9.4,2154,3031,0.216,217220.00,22.8,962,387
Gavle,93,5,66,11.1,3513,4105,0.304,218864.00,38.9,756,336
Koppar,93,6,66,6.8,3413,2440,0.066,206774.00,16.3,696,221
Varm,93,7,66,13,10183,3768,0.309,252915.00,76.6,564,140
Upps,93,8,66,17.1,17259,6854,0,123015.00,126.8,588,422
Vastml,93,9,66,21.6,17754,4191,0,142735.00,137.7,557,337
Stock,93,10,66,63.2,19305,6244,0,429095.00,87.5,519,453
Orebro,93,11,66,20.2,14638,3444,0,188771.00,78.3,499,254
Soderml,93,12,66,24.5,21191,5438,0,161722.00,142.3,463,361
Skara,93,13,66,29.7,45110,7363,0,244514.00,125.7,382,170
Alvsb,93,14,66,22.2,20062,5406,0.081,274698.00,60.5,352,101
Goteborg,93,15,66,58.9,23498,4080,0,313340.00,88.3,381,44
Ostergl,93,16,66,23.3,20613,6380,0.086,270973.00,163.8,375,302
Kalmar,93,17,66,19.6,14974,8132,0,229176.00,27.1,237,323
Jonk,93,18,66,18.3,17808,10297,0,195856.00,70.9,269,217
Halland,93,19,66,24.4,25301,8088,0,139356.00,82.2,208,107
Kronob,93,20,66,16.8,14289,7810,0,158838.00,74,184,224
Kristian,93,21,66,34.8,32550,10411,0,219858.00,110,103,170
Blek,93,22,66,46.9,26038,8625,0,143387.00,108,120,263
Malmo,93,23,66,75.9,64185,13254,0,383203.00,138.2,58,136
Norrb,94,1,67,1.1,325,224,0.443,115500.00,4.8,1439,513
Vasterb,94,2,67,2.2,674,949,0.169,133336.00,10.4,1179,415
Jamt,94,3,67,1.9,363,1579,0.647,104259.00,13.2,976,222
Vastern,94,4,67,9.4,2175,2946,0,217220.00,19.5,962,387
Gavle,94,5,67,11.1,3533,4081,0,218864.00,33,756,336
Koppar,94,6,67,6.8,3330,2273,0.066,206774.00,18.2,696,221
Varm,94,7,67,13,10073,3871,0.103,252915.00,81.1,564,140
Upps,94,8,67,17.1,17279,6854,0,123015.00,114.8,588,422
Vastml,94,9,67,21.6,18037,4317,0,142735.00,115.4,557,337
Stock,94,10,67,63.2,19417,6191,0,429095.00,81.9,519,453
Orebro,94,11,67,20.2,14491,3524,0,188771.00,98.9,499,254
Soderml,94,12,67,24.5,21233,5233,0,161722.00,152,463,361
Skara,94,13,67,29.7,44996,7400,0,244514.00,131.6,382,170
Alvsb,94,14,67,22.2,20265,5386,0.161,274698.00,66.2,352,101
Goteborg,94,15,67,58.9,23398,4230,0,313340.00,126.1,381,44
Ostergl,94,16,67,23.3,20661,6461,0,270973.00,158.6,375,302
Kalmar,94,17,67,19.6,14677,8421,0,229176.00,71.7,237,323
Jonk,94,18,67,18.3,17954,10194,0,195856.00,77.9,269,217
Halland,94,19,67,24.4,24303,8287,0,139356.00,93.2,208,107
Kronob,94,20,67,16.8,14456,7733,0,158838.00,78.9,184,224
Kristian,94,21,67,34.8,32177,9910,0,219858.00,91.5,103,170
Blek,94,22,67,46.9,26055,8600,0,143387.00,124,120,263
Malmo,94,23,67,75.9,63360,12787,0,383203.00,135.8,58,136
Norrb,95,1,68,1.1,329,225,0.462,115500.00,5.2,1439,513
Vasterb,95,2,68,2.2,681,1015,0.118,133336.00,11.8,1179,415
Jamt,95,3,68,1.9,375,1516,1.312,104259.00,13.3,976,222
Vastern,95,4,68,9.4,2146,2924,0,217220.00,14.5,962,387
Gavle,95,5,68,11.1,3535,4072,0,218864.00,39.5,756,336
Koppar,95,6,68,6.8,3428,2126,0.066,206774.00,21.1,696,221
Varm,95,7,68,13,9823,3852,0.206,252915.00,89.2,564,140
Upps,95,8,68,17.1,17385,6747,0,123015.00,118.4,588,422
Vastml,95,9,68,21.6,18389,4678,0,142735.00,142.6,557,337
Stock,95,10,68,63.2,19625,6184,0,429095.00,143,519,453
Orebro,95,11,68,20.2,14607,3452,0,188771.00,104.4,499,254
Soderml,95,12,68,24.5,21343,5064,0,161722.00,203.7,463,361
Skara,95,13,68,29.7,45155,7293,0,244514.00,162.6,382,170
Alvsb,95,14,68,22.2,21887,5526,0,274698.00,58.4,352,101
Goteborg,95,15,68,58.9,23388,4371,0,313340.00,154.3,381,44
Ostergl,95,16,68,23.3,20655,6477,0,270973.00,229.8,375,302
Kalmar,95,17,68,19.6,14905,8326,0,229176.00,94.7,237,323
Jonk,95,18,68,18.3,18192,10413,0,195856.00,90.3,269,217
Halland,95,19,68,24.4,24473,8015,0,139356.00,100,208,107
Kronob,95,20,68,16.8,14667,7704,0,158838.00,92.6,184,224
Kristian,95,21,68,34.8,32401,9634,0,219858.00,120.6,103,170
Blek,95,22,68,46.9,25785,8232,0,143387.00,117.8,120,263
Malmo,95,23,68,75.9,63207,12583,0,383203.00,149.1,58,136
Norrb,96,1,69,1.1,333,241,0.434,115500.00,10.6,1439,513
Vasterb,96,2,69,2.2,691,1055,0.236,133336.00,13.1,1179,415
Jamt,96,3,69,1.9,374,1502,1.294,104259.00,17,976,222
Vastern,96,4,69,9.4,2190,2934,0.13,217220.00,21.9,962,387
Gavle,96,5,69,11.1,3543,4100,0.202,218864.00,41.2,756,336
Koppar,96,6,69,6.8,3369,2147,0.198,206774.00,24.6,696,221
Varm,96,7,69,13,9489,3629,0.155,252915.00,105.1,564,140
Upps,96,8,69,17.1,17392,6720,0,123015.00,123.4,588,422
Vastml,96,9,69,21.6,18445,4743,0,142735.00,118.1,557,337
Stock,96,10,69,63.2,19743,6185,0,429095.00,130.2,519,453
Orebro,96,11,69,20.2,14545,3356,0,188771.00,105,499,254
Soderml,96,12,69,24.5,21273,4919,0,161722.00,183.8,463,361
Skara,96,13,69,29.7,44753,6964,0,244514.00,173,382,170
Alvsb,96,14,69,22.2,21576,5440,0,274698.00,92.7,352,101
Goteborg,96,15,69,58.9,23253,4425,0,313340.00,179.9,381,44
Ostergl,96,16,69,23.3,20617,6438,0,270973.00,222.8,375,302
Kalmar,96,17,69,19.6,14929,8234,0,229176.00,77.3,237,323
Jonk,96,18,69,18.3,17839,10273,0.093,195856.00,58.1,269,217
Halland,96,19,69,24.4,24012,7621,0.175,139356.00,90.2,208,107
Kronob,96,20,69,16.8,14683,7671,0,158838.00,75.9,184,224
Kristian,96,21,69,34.8,32207,9468,0,219858.00,125.1,103,170
Blek,96,22,69,46.9,24272,8123,0,143387.00,120.4,120,263
Malmo,96,23,69,75.9,62337,11799,0,383203.00,137.4,58,136
Norrb,97,1,70,1.1,329,235,0.396,115500.00,8.5,1439,513
Vasterb,97,2,70,2.2,693,1116,0.877,133336.00,7,1179,415
Jamt,97,3,70,1.9,380,1589,0.758,104259.00,17.1,976,222
Vastern,97,4,70,9.4,2217,2930,0.043,217220.00,18.5,962,387
Gavle,97,5,70,11.1,3543,4100,0.405,218864.00,49.5,756,336
Koppar,97,6,70,6.8,3279,2394,0.231,206774.00,22.3,696,221
Varm,97,7,70,13,9545,3396,0.103,252915.00,40.5,564,140
Upps,97,8,70,17.1,17406,6720,0,123015.00,91.2,588,422
Vastml,97,9,70,21.6,18496,4721,0,142735.00,109,557,337
Stock,97,10,70,63.2,19893,6166,0,429095.00,120.6,519,453
Orebro,97,11,70,20.2,14460,3347,0,188771.00,81.4,499,254
Soderml,97,12,70,24.5,21324,4796,0,161722.00,155.1,463,361
Skara,97,13,70,29.7,44839,6828,0,244514.00,129.9,382,170
Alvsb,97,14,70,22.2,22469,5311,0,274698.00,75.6,352,101
Goteborg,97,15,70,58.9,23081,4669,0,313340.00,134.2,381,44
Ostergl,97,16,70,23.3,20400,6237,0,270973.00,185.6,375,302
Kalmar,97,17,70,19.6,14853,8167,0,229176.00,77.9,237,323
Jonk,97,18,70,18.3,17527,10420,0,195856.00,43.4,269,217
Halland,97,19,70,24.4,24237,7497,0,139356.00,87.2,208,107
Kronob,97,20,70,16.8,14617,7582,0,158838.00,78.5,184,224
Kristian,97,21,70,34.8,31744,9314,0,219858.00,97.5,103,170
Blek,97,22,70,46.9,24347,7818,0,143387.00,120.1,120,263
Malmo,97,23,70,75.9,62589,11443,0,383203.00,139.6,58,136
Norrb,98,1,71,1.3,332,231,0.377,134769.00,6.8,1439,513
Vasterb,98,2,71,2.4,706,1107,0.253,143735.00,12.2,1179,415
Jamt,98,3,71,2.1,396,1620,1.072,111391.00,18.4,976,222
Vastern,98,4,71,10.1,2223,3388,0.13,232311.00,16.2,962,387
Gavle,98,5,71,12,3543,4118,0.304,238048.00,29.8,756,336
Koppar,98,6,71,7.2,3264,2324,0.231,217708.00,21.8,696,221
Varm,98,7,71,13.1,9762,3332,0.103,254284.00,44.6,564,140
Upps,98,8,71,17.2,17381,6659,0,123863.00,124.2,588,422
Vastml,98,9,71,22.4,18673,4704,0,148271.00,123.8,557,337
Stock,98,10,71,69.7,20011,6045,0.147,473476.00,74.8,519,453
Orebro,98,11,71,20.9,14532,3208,0.107,194924.00,91.6,499,254
Soderml,98,12,71,25.3,21263,4690,0,167428.00,150.9,463,361
Skara,98,13,71,29.3,44999,6960,0,241069.00,175.2,382,170
Alvsb,98,14,71,22.6,22829,5185,0,279514.00,90.9,352,101
Goteborg,98,15,71,63.4,22734,4909,0,337175.00,109.4,381,44
Ostergl,98,16,71,24,20576,6244,0,279449.00,151.9,375,302
Kalmar,98,17,71,19.5,14992,8208,0,227625.00,86.3,237,323
Jonk,98,18,71,19,16741,10322,0,203036.00,37.2,269,217
Halland,98,19,71,24.8,24299,7426,0,141688.00,95.1,208,107
Kronob,98,20,71,16.9,14651,7472,0,159124.00,96.5,184,224
Kristian,98,21,71,34.7,31683,8833,0,219166.00,100.5,103,170
Blek,98,22,71,47.9,24451,7832,0,146302.00,132.2,120,263
Malmo,98,23,71,81,63078,10727,0,409304.00,144.9,58,136
Norrb,99,1,72,1.3,333,229,0.16,134769.00,5.3,1439,513
Vasterb,99,2,72,2.4,726,1055,0.321,143735.00,12,1179,415
Jamt,99,3,72,2.1,395,1630,1.053,111391.00,12.7,976,222
Vastern,99,4,72,10.1,2338,4523,0.173,232311.00,16.4,962,387
Gavle,99,5,72,12,3543,4118,0.202,238048.00,51.3,756,336
Koppar,99,6,72,7.2,3187,2103,0.394,217708.00,31.4,696,221
Varm,99,7,72,13.1,9695,3248,0,254284.00,112.2,564,140
Upps,99,8,72,17.2,16966,6567,0,123863.00,148.4,588,422
Vastml,99,9,72,22.4,18700,4696,0,148271.00,238,557,337
Stock,99,10,72,69.7,20127,6060,0,473476.00,156.3,519,453
Orebro,99,11,72,20.9,14468,3073,0.214,194924.00,114.9,499,254
Soderml,99,12,72,25.3,21101,4640,0,167428.00,170,463,361
Skara,99,13,72,29.3,44678,6499,0,241069.00,150.5,382,170
Alvsb,99,14,72,22.6,22742,5029,0,279514.00,108.8,352,101
Goteborg,99,15,72,63.4,22339,4970,0.188,337175.00,114.8,381,44
Ostergl,99,16,72,24,20583,6031,0,279449.00,202.3,375,302
Kalmar,99,17,72,19.5,14906,8084,0,227625.00,116,237,323
Jonk,99,18,72,19,16325,10589,0,203036.00,59,269,217
Halland,99,19,72,24.8,24358,7372,0.35,141688.00,107.4,208,107
Kronob,99,20,72,16.9,14631,7385,0,159124.00,106.3,184,224
Kristian,99,21,72,34.7,31260,8216,0,219166.00,105.8,103,170
Blek,99,22,72,47.9,24520,7323,0,146302.00,125.4,120,263
Malmo,99,23,72,81,62733,9787,0,409304.00,172.8,58,136
Norrb,0,1,73,1.3,331,161,0.254,134769.00,5.1,1439,513
Vasterb,0,2,73,2.4,700,1221,0.118,143735.00,10.1,1179,415
Jamt,0,3,73,2.1,393,1642,0.684,111391.00,12.3,976,222
Vastern,0,4,73,10.1,2350,4302,0.043,232311.00,13,962,387
Gavle,0,5,73,12,3543,4118,0.253,238048.00,53.7,756,336
Koppar,0,6,73,7.2,3250,2006,0.329,217708.00,38.2,696,221
Varm,0,7,73,13.1,9683,3389,0,254284.00,115.3,564,140
Upps,0,8,73,17.2,16809,6265,0,123863.00,171.5,588,422
Vastml,0,9,73,22.4,18740,4694,0,148271.00,195.7,557,337
Stock,0,10,73,69.7,20167,5936,0,473476.00,137,519,453
Orebro,0,11,73,20.9,14799,2858,0,194924.00,103.3,499,254
Soderml,0,12,73,25.3,21133,4375,0,167428.00,173.2,463,361
Skara,0,13,73,29.3,44710,6521,0,241069.00,152.1,382,170
Alvsb,0,14,73,22.6,22061,4680,0,279514.00,106.4,352,101
Goteborg,0,15,73,63.4,22339,4969,0,337175.00,126.1,381,44
Ostergl,0,16,73,24,20798,6189,0,279449.00,184.5,375,302
Kalmar,0,17,73,19.5,15175,8007,0,227625.00,128.8,237,323
Jonk,0,18,73,19,16313,10555,0,203036.00,107.6,269,217
Halland,0,19,73,24.8,24406,7371,0,141688.00,95.5,208,107
Kronob,0,20,73,16.9,14477,7363,0,159124.00,95.1,184,224
Kristian,0,21,73,34.7,31199,8077,0,219166.00,123,103,170
Blek,0,22,73,47.9,24643,7025,0,146302.00,110.3,120,263
Malmo,0,23,73,81,62646,8747,0,409304.00,136.8,58,136
Norrb,1,1,74,1.3,326,176,0.208,134769.00,3.1,1439,513
Vasterb,1,2,74,2.4,715,1214,0,143735.00,12.1,1179,415
Jamt,1,3,74,2.1,402,1638,0.536,111391.00,0.8,976,222
Vastern,1,4,74,10.1,2358,4075,0,232311.00,43.3,962,387
Gavle,1,5,74,12,3543,4118,0,238048.00,36.8,756,336
Koppar,1,6,74,7.2,3281,1889,0.066,217708.00,34.2,696,221
Varm,1,7,74,13.1,9756,3290,0,254284.00,117.2,564,140
Upps,1,8,74,17.2,16753,6012,0,123863.00,153.6,588,422
Vastml,1,9,74,22.4,18554,4644,0,148271.00,159.5,557,337
Stock,1,10,74,69.7,20187,5663,0,473476.00,137,519,453
Orebro,1,11,74,20.9,14756,2763,0,194924.00,106.6,499,254
Soderml,1,12,74,25.3,21037,4043,0,167428.00,152,463,361
Skara,1,13,74,29.3,45923,6650,0,241069.00,138.7,382,170
Alvsb,1,14,74,22.6,21848,4376,0.081,279514.00,60.5,352,101
Goteborg,1,15,74,63.4,22190,4821,0,337175.00,106.6,381,44
Ostergl,1,16,74,24,20660,6229,0,279449.00,194.9,375,302
Kalmar,1,17,74,19.5,15268,8025,0,227625.00,127,237,323
Jonk,1,18,74,19,16306,9998,0,203036.00,24.7,269,217
Halland,1,19,74,24.8,24439,7370,0,141688.00,71,208,107
Kronob,1,20,74,16.9,14485,7162,0,159124.00,81.4,184,224
Kristian,1,21,74,34.7,30926,7653,0,219166.00,116.4,103,170
Blek,1,22,74,47.9,24460,6595,0,146302.00,130.6,120,263
Malmo,1,23,74,81,64249,8272,0,409304.00,139.4,58,136
Norrb,2,1,75,1.3,327,334,0.217,134769.00,6.4,1439,513
Vasterb,2,2,75,2.4,756,1035,0,143735.00,11.5,1179,415
Jamt,2,3,75,2.1,401,1450,0.499,111391.00,10.9,976,222
Vastern,2,4,75,10.1,2339,3488,0,232311.00,22.9,962,387
Gavle,2,5,75,12,3543,4118,0,238048.00,59.5,756,336
Koppar,2,6,75,7.2,3232,1864,0.263,217708.00,30.2,696,221
Varm,2,7,75,13.1,9782,2883,0,254284.00,115.3,564,140
Upps,2,8,75,17.2,16737,5940,0,123863.00,131.6,588,422
Vastml,2,9,75,22.4,18928,4582,0,148271.00,141.8,557,337
Stock,2,10,75,69.7,20130,5509,0.147,473476.00,120.3,519,453
Orebro,2,11,75,20.9,14740,2659,0,194924.00,105.4,499,254
Soderml,2,12,75,25.3,21163,3932,0,167428.00,153,463,361
Skara,2,13,75,29.3,46105,6525,0,241069.00,162,382,170
Alvsb,2,14,75,22.6,21816,4102,0,279514.00,94.9,352,101
Goteborg,2,15,75,63.4,21842,4669,0.188,337175.00,144,381,44
Ostergl,2,16,75,24,20804,6122,0,279449.00,190.5,375,302
Kalmar,2,17,75,19.5,15235,8001,0,227625.00,104.8,237,323
Jonk,2,18,75,19,16237,10099,0,203036.00,51.1,269,217
Halland,2,19,75,24.8,24476,7359,0,141688.00,88.6,208,107
Kronob,2,20,75,16.9,14613,7052,0,159124.00,95,184,224
Kristian,2,21,75,34.7,30742,7350,0,219166.00,97.8,103,170
Blek,2,22,75,47.9,24651,6465,0,146302.00,127.6,120,263
Malmo,2,23,75,81,62528,7176,0,409304.00,133,58,136
Norrb,3,1,76,1.4,331,334,0.056,150220.00,3.8,1439,513
Vasterb,3,2,76,2.6,770,939,0,152746.00,10.8,1179,415
Jamt,3,3,76,2.1,383,1398,0.388,113229.00,9.9,976,222
Gavle,3,5,76,12.5,3587,4110,0,246153.00,49.2,756,336
Koppar,3,6,76,7.4,3129,1863,0,223893.00,30.4,696,221
Varm,3,7,76,13.2,10030,2856,0,255142.00,107.4,564,140
Upps,3,8,76,17.4,16593,5534,0,125610.00,124.6,588,422
Vastml,3,9,76,22.5,18928,4582,0,149050.00,148.5,557,337
Stock,3,10,76,76.1,19940,5378,0,516816.00,138,519,453
Orebro,3,11,76,21.4,14838,2606,0,200087.00,100,499,254
Soderml,3,12,76,25.7,21058,3811,0,169576.00,173,463,361
Skara,3,13,76,29.1,46041,6561,0,239320.00,144,382,170
Alvsb,3,14,76,22.6,21952,3997,0,280360.00,121.1,352,101
Goteborg,3,15,76,67.1,21661,4599,0,357120.00,133.3,381,44
Ostergl,3,16,76,24.7,20509,5738,0,287421.00,199.6,375,302
Kalmar,3,17,76,19.4,15335,7966,0,226876.00,120.4,237,323
Jonk,3,18,76,19.3,15973,9899,0,206177.00,45,269,217
Halland,3,19,76,25.1,24514,7359,0,143448.00,92.7,208,107
Kronob,3,20,76,16.7,14711,6974,0,157555.00,98.2,184,224
Kristian,3,21,76,34.8,30787,7479,0,220104.00,124.1,103,170
Blek,3,22,76,48.7,24660,6222,0,148755.00,123.7,120,263
Malmo,3,23,76,85.3,62047,6923,0,430955.00,119.2,58,136
Norrb,4,1,77,1.4,332,334,0.189,150220.00,12,1439,513
Vasterb,4,2,77,2.6,784,882,0,152746.00,14.8,1179,415
Jamt,4,3,77,2.1,391,1380,0.351,113229.00,15,976,222
Gavle,4,5,77,12.5,3593,4110,0,246153.00,2.3,756,336
Koppar,4,6,77,7.4,3062,1785,0,223893.00,26.3,696,221
Varm,4,7,77,13.2,10071,2481,0,255142.00,47.9,564,140
Upps,4,8,77,17.4,16756,5215,0,125610.00,184.7,588,422
Vastml,4,9,77,22.5,18928,4582,0,149050.00,162.2,557,337
Stock,4,10,77,76.1,20031,5205,0,516816.00,140.5,519,453
Orebro,4,11,77,21.4,14556,2280,0,200087.00,104.1,499,254
Soderml,4,12,77,25.7,20942,3611,0,169576.00,171.8,463,361
Skara,4,13,77,29.1,46563,5738,0,239320.00,211.3,382,170
Alvsb,4,14,77,22.6,21895,3700,0,280360.00,128.7,352,101
Goteborg,4,15,77,67.1,21366,2468,0,357120.00,125.9,381,44
Ostergl,4,16,77,24.7,20742,5451,0,287421.00,226.9,375,302
Kalmar,4,17,77,19.4,15435,7872,0,226876.00,288.4,237,323
Jonk,4,18,77,19.3,16280,9705,0,206177.00,62.9,269,217
Halland,4,19,77,25.1,25306,6563,0,143448.00,145.1,208,107
Kronob,4,20,77,16.7,14688,6701,0,157555.00,124,184,224
Kristian,4,21,77,34.8,30825,7407,0,220104.00,121.9,103,170
Blek,4,22,77,48.7,24604,5823,0,148755.00,106.7,120,263
Malmo,4,23,77,85.3,61673,6424,0,430955.00,197.6,58,136
Norrb,5,1,78,1.4,332,327,0.094,150220.00,9.7,1439,513
Vasterb,5,2,78,2.6,807,924,0,152746.00,13.8,1179,415
Jamt,5,3,78,2.1,393,1393,0.073,113229.00,16.3,976,222
Gavle,5,5,78,12.5,3593,4110,0,246153.00,47.5,756,336
Koppar,5,6,78,7.4,9037,1695,0,223893.00,19.3,696,221
Varm,5,7,78,13.2,2065,2391,0,255142.00,45.5,564,140
Upps,5,8,78,17.4,16861,5152,0,125610.00,135.7,588,422
Vastml,5,9,78,22.5,18928,4582,0,149050.00,156.5,557,337
Stock,5,10,78,76.1,19984,4785,0,516816.00,124.6,519,453
Orebro,5,11,78,21.4,14589,2133,0,200087.00,101,499,254
Soderml,5,12,78,25.7,21017,3188,0,169576.00,157,463,361
Skara,5,13,78,29.1,24264,5950,0,239320.00,131.9,382,170
Alvsb,5,14,78,22.6,21756,3417,0,280360.00,122.6,352,101
Goteborg,5,15,78,67.1,20723,3047,0,357120.00,113.1,381,44
Ostergl,5,16,78,24.7,20725,5290,0,287421.00,189.4,375,302
Kalmar,5,17,78,19.4,15379,7738,0,226876.00,111.9,237,323
Jonk,5,18,78,19.3,16819,9515,0,206177.00,88.6,269,217
Halland,5,19,78,25.1,25583,6109,0,143448.00,100.7,208,107
Kronob,5,20,78,16.7,14694,6559,0,157555.00,97.5,184,224
Kristian,5,21,78,34.8,30227,6709,0,220104.00,108,103,170
Blek,5,22,78,48.7,24794,5353,0,148755.00,115.9,120,263
Malmo,5,23,78,85.3,61876,6042,0,430955.00,116.6,58,136
Norrb,6,1,79,1.4,325,326,0.057,150220.00,6,1439,513
Vasterb,6,2,79,2.6,854,944,0.101,152746.00,9.7,1179,415
Jamt,6,3,79,2.1,396,1355,0.203,113229.00,8,976,222
Vastern,6,4,79,10.4,2601,2988,0,240873.00,14.7,962,387
Gavle,6,5,79,12.5,3622,4092,0,246153.00,46.8,756,336
Koppar,6,6,79,7.4,2991,1658,0.395,223893.00,25.1,696,221
Varm,6,7,79,13.2,10283,2269,0,255142.00,54.6,564,140
Upps,6,8,79,17.4,16628,4975,0,125610.00,160.6,588,422
Vastml,6,9,79,22.5,18928,4582,0,149050.00,174.2,557,337
Stock,6,10,79,76.1,19931,4397,0,516816.00,125.5,519,453
Orebro,6,11,79,21.4,14300,2155,0,200087.00,87.8,499,254
Soderml,6,12,79,25.7,20993,3107,0,169576.00,143.3,463,361
Skara,6,13,79,29.1,47009,6195,0,239320.00,128.3,382,170
Alvsb,6,14,79,22.6,21589,3103,0,280360.00,127.9,352,101
Goteborg,6,15,79,67.1,20357,3288,0,357120.00,104.5,381,44
Ostergl,6,16,79,24.7,20887,5267,0,287421.00,188.6,375,302
Kalmar,6,17,79,19.4,15376,7758,0,226876.00,211.6,237,323
Jonk,6,18,79,19.3,17570,9669,0,206177.00,107.7,269,217
Halland,6,19,79,25.1,25036,5899,0,143448.00,73.1,208,107
Kronob,6,20,79,16.7,14417,6295,0,157555.00,89,184,224
Kristian,6,21,79,34.8,32063,5897,0,220104.00,110.3,103,170
Blek,6,22,79,48.7,24448,5122,0,148755.00,106,120,263
Malmo,6,23,79,85.3,61736,6020,0,430955.00,80,58,136
Norrb,7,1,80,1.4,331,308,0.189,150220.00,5.7,1439,513
Vasterb,7,2,80,2.6,859,926,0.017,152746.00,10.6,1179,415
Jamt,7,3,80,2.1,396,1326,0.203,113229.00,14.1,976,222
Vastern,7,4,80,10.4,2355,2998,0.217,240873.00,18.6,962,387
Gavle,7,5,80,12.5,3631,4091,0,246153.00,61.3,756,336
Koppar,7,6,80,7.4,3125,1671,0.066,223893.00,26.3,696,221
Varm,7,7,80,13.2,10081,2169,0,255142.00,54.5,564,140
Upps,7,8,80,17.4,16904,4883,0,125610.00,140,588,422
Vastml,7,9,80,22.5,18928,4582,0,149050.00,141.8,557,337
Stock,7,10,80,76.1,19739,4189,0,516816.00,116.2,519,453
Orebro,7,11,80,21.4,14310,2022,0,200087.00,95.3,499,254
Soderml,7,12,80,25.7,20895,2896,0,169576.00,140.3,463,361
Skara,7,13,80,29.1,47399,6455,0,239320.00,158.5,382,170
Alvsb,7,14,80,22.6,21317,3095,0.242,280360.00,116.4,352,101
Goteborg,7,15,80,67.1,20144,3360,0,357120.00,97.2,381,44
Ostergl,7,16,80,24.7,20860,5071,0,287421.00,187.5,375,302
Kalmar,7,17,80,19.4,15471,7625,0,226876.00,124.3,237,323
Jonk,7,18,80,19.3,17938,9045,0.187,206177.00,68.5,269,217
Halland,7,19,80,25.1,24409,5790,0,143448.00,96.2,208,107
Kronob,7,20,80,16.7,14405,6120,0,157555.00,100.2,184,224
Kristian,7,21,80,34.8,31695,5301,0,220104.00,93.9,103,170
Blek,7,22,80,48.7,23829,4494,0,148755.00,124.7,120,263
Malmo,7,23,80,85.3,61563,5767,0,430955.00,96.8,58,136
Norrb,8,1,81,1.5,329,322,0.057,161132.00,6.7,1439,513
Vasterb,8,2,81,2.7,892,917,0.101,161366.00,16.6,1179,415
Jamt,8,3,81,2.2,395,1331,0.37,118115.00,17.5,976,222
Vastern,8,4,81,10.8,2389,2946,0.303,250512.00,22.5,962,387
Gavle,8,5,81,12.8,3631,4091,0,253792.00,39.2,756,336
Koppar,8,6,81,7.7,3163,1608,0,233873.00,25.6,696,221
Varm,8,7,81,13.4,10050,2073,0.052,260135.00,48.9,564,140
Upps,8,8,81,17.8,16988,4722,0,128171.00,133.2,588,422
Vastml,8,9,81,23.6,18928,4582,0,155920.00,181.9,557,337
Stock,8,10,81,84.2,19552,4188,0,571504.00,137.6,519,453
Orebro,8,11,81,22.2,14147,1950,0,207021.00,101,499,254
Soderml,8,12,81,27,20972,2814,0,178568.00,167.6,463,361
Skara,8,13,81,29.4,48185,6525,0,241284.00,208,382,170
Alvsb,8,14,81,23.2,21165,3097,0,287692.00,131.1,352,101
Goteborg,8,15,81,71.7,19918,3689,0,381270.00,110.1,381,44
Ostergl,8,16,81,25.3,20920,4974,0,294179.00,201.4,375,302
Kalmar,8,17,81,19.5,15438,7737,0,228129.00,125.2,237,323
Jonk,8,18,81,20,18209,9138,0,214454.00,94.9,269,217
Halland,8,19,81,25.7,24802,5895,0,147224.00,127.5,208,107
Kronob,8,20,81,16.8,14251,5827,0,157965.00,121.9,184,224
Kristian,8,21,81,36.1,31967,5071,0,228307.00,107.8,103,170
Blek,8,22,81,48.9,23083,4279,0,149359.00,112.3,120,263
Malmo,8,23,81,90.5,61165,5657,0,457214.00,94,58,136
Norrb,9,1,82,1.5,323,322,0.264,161132.00,6,1439,513
Vasterb,9,2,82,2.7,890,922,0.067,161366.00,18.3,1179,415
Jamt,9,3,82,2.2,395,1294,0.184,118115.00,20.1,976,222
Vastern,9,4,82,10.8,2369,2948,0.043,250512.00,19.2,962,387
Gavle,9,5,82,12.8,3631,4091,0,253792.00,64.1,756,336
Koppar,9,6,82,7.7,3271,1650,0,233873.00,22,696,221
Varm,9,7,82,13.4,9989,1983,0,260135.00,52.2,564,140
Upps,9,8,82,17.8,16937,4683,0,128171.00,115.5,588,422
Vastml,9,9,82,23.6,18928,4582,0,155920.00,116.6,557,337
Stock,9,10,82,84.2,19303,4145,0,571504.00,134.6,519,453
Orebro,9,11,82,22.2,14091,1924,0,207021.00,87.2,499,254
Soderml,9,12,82,27,20961,2691,0,178568.00,144.4,463,361
Skara,9,13,82,29.4,48110,6408,0,241284.00,182.5,382,170
Alvsb,9,14,82,23.2,21047,3158,0,287692.00,119.4,352,101
Goteborg,9,15,82,71.7,19682,3930,0,381270.00,98.7,381,44
Ostergl,9,16,82,25.3,20762,4862,0,294179.00,203.2,375,302
Kalmar,9,17,82,19.5,15344,7525,0,228129.00,123.6,237,323
Jonk,9,18,82,20,18155,9467,0,214454.00,185.4,269,217
Halland,9,19,82,25.7,25117,5745,0,147224.00,104,208,107
Kronob,9,20,82,16.8,14186,5750,0,157965.00,117.4,184,224
Kristian,9,21,82,36.1,31580,4845,0,228307.00,98.5,103,170
Blek,9,22,82,48.9,22600,3893,0,149359.00,92.3,120,263
Malmo,9,23,82,90.5,64489,9947,0,457214.00,99,58,136
Norrb,10,1,83,1.5,324,322,0.151,161132.00,5.8,1439,513
Vasterb,10,2,83,2.7,910,907,0.067,161366.00,18.1,1179,415
Jamt,10,3,83,2.2,391,1258,0.148,118115.00,18.3,976,222
Vastern,10,4,83,10.8,2309,2869,0.389,250512.00,18.5,962,387
Gavle,10,5,83,12.8,3631,4091,0,253792.00,69.1,756,336
Koppar,10,6,83,7.7,3205,1635,0,233873.00,22.9,696,221
Varm,10,7,83,13.4,9939,1972,0,260135.00,39.7,564,140
Upps,10,8,83,17.8,16941,4568,0,128171.00,101.6,588,422
Vastml,10,9,83,23.6,18928,4582,0,155920.00,96.9,557,337
Stock,10,10,83,84.2,19114,4060,0,571504.00,120.8,519,453
Orebro,10,11,83,22.2,14020,1804,0,207021.00,119.2,499,254
Soderml,10,12,83,27,20961,2771,0,178568.00,125,463,361
Skara,10,13,83,29.4,47885,6294,0,241284.00,123,382,170
Alvsb,10,14,83,23.2,20989,3175,0,287692.00,102.8,352,101
Goteborg,10,15,83,71.7,18910,3982,0,381270.00,78.2,381,44
Ostergl,10,16,83,25.3,20749,4864,0,294179.00,160,375,302
Kalmar,10,17,83,19.5,15327,7452,0,228129.00,86.3,237,323
Jonk,10,18,83,20,17742,9335,0,214454.00,67.5,269,217
Halland,10,19,83,25.7,25588,5456,0,147224.00,180.4,208,107
Kronob,10,20,83,16.8,14192,5594,0,157965.00,92.3,184,224
Kristian,10,21,83,36.1,32027,4606,0,228307.00,99.7,103,170
Blek,10,22,83,48.9,22146,3478,0,149359.00,115.2,120,263
Malmo,10,23,83,90.5,64459,10031,0,457214.00,128.1,58,136
Norrb,11,1,84,1.5,326,349,0.377,161132.00,7.1,1439,513
Vasterb,11,2,84,2.7,925,862,0.034,161366.00,13.6,1179,415
Jamt,11,3,84,2.2,390,1233,0.369,118115.00,19.6,976,222
Vastern,11,4,84,10.8,2351,2591,0.087,250512.00,17.1,962,387
Gavle,11,5,84,12.8,3631,4091,0,253792.00,44.7,756,336
Koppar,11,6,84,7.7,3265,1587,0,233873.00,20.9,696,221
Varm,11,7,84,13.4,9716,1345,0,260135.00,34.6,564,140
Upps,11,8,84,17.8,16755,4322,0,128171.00,100.1,588,422
Vastml,11,9,84,23.6,18928,4582,0,155920.00,90.7,557,337
Stock,11,10,84,84.2,18993,3997,0,571504.00,109.6,519,453
Orebro,11,11,84,22.2,13812,1520,0,207021.00,16.5,499,254
Soderml,11,12,84,27,20935,2652,0,178568.00,115.2,463,361
Skara,11,13,84,29.4,47787,5899,0,241284.00,129.7,382,170
Alvsb,11,14,84,23.2,20938,3012,0,287692.00,109.6,352,101
Goteborg,11,15,84,71.7,18530,4010,0,381270.00,66.9,381,44
Ostergl,11,16,84,25.3,20747,4737,0,294179.00,153.1,375,302
Kalmar,11,17,84,19.5,15240,7322,0,228129.00,80.6,237,323
Jonk,11,18,84,20,17685,8452,0,214454.00,63.6,269,217
Halland,11,19,84,25.7,25719,4970,0,147224.00,79.4,208,107
Kronob,11,20,84,16.8,14239,5366,0,157965.00,83.4,184,224
Kristian,11,21,84,36.1,31936,4352,0,228307.00,100.1,103,170
Blek,11,22,84,48.9,21563,3189,0,149359.00,78.9,120,263
Malmo,11,23,84,90.5,62824,8193,0,457214.00,79.2,58,136
Norrb,12,1,85,1.5,316,366,0.217,161132.00,8.8,1439,513
Vasterb,12,2,85,2.7,923,880,0.051,161366.00,14.4,1179,415
Jamt,12,3,85,2.2,400,1241,0.166,118115.00,16.3,976,222
Vastern,12,4,85,10.8,2383,2633,0.216,250512.00,17.8,962,387
Gavle,12,5,85,12.8,3740,4081,0,253792.00,49.3,756,336
Koppar,12,6,85,7.7,3313,1594,0,233873.00,18.5,696,221
Varm,12,7,85,13.4,9709,1365,0,260135.00,30.3,564,140
Upps,12,8,85,17.8,17050,4266,0,128171.00,100.2,588,422
Vastml,12,9,85,23.6,19378,4357,0,155920.00,90.3,557,337
Stock,12,10,85,84.2,19248,3978,0,571504.00,98.1,519,453
Orebro,12,11,85,22.2,14239,1539,0,207021.00,12.4,499,254
Soderml,12,12,85,27,21550,2656,0,178568.00,96.6,463,361
Skara,12,13,85,29.4,48391,6091,0,241284.00,112.8,382,170
Alvsb,12,14,85,23.2,21179,3180,0,287692.00,116.9,352,101
Goteborg,12,15,85,71.7,19319,4095,0,381270.00,88.3,381,44
Ostergl,12,16,85,25.3,21162,4800,0,294179.00,156.8,375,302
Kalmar,12,17,85,19.5,15652,7467,0,228129.00,85.9,237,323
Jonk,12,18,85,20,17987,8566,0,214454.00,62.5,269,217
Halland,12,19,85,25.7,26414,5080,0,147224.00,92.1,208,107
Kronob,12,20,85,16.8,14263,5456,0,157965.00,75.3,184,224
Kristian,12,21,85,36.1,32924,4479,0,228307.00,81.7,103,170
Blek,12,22,85,48.9,21852,3536,0,149359.00,71.7,120,263
Malmo,12,23,85,90.5,64117,8151,0,457214.00,64.7,58,136
Norrb,13,1,86,1.6,306,383,0.311,174227.00,6,1439,513
Vasterb,13,2,86,2.9,922,897,0.034,170299.00,11.3,1179,415
Jamt,13,3,86,2.3,410,1249,0.258,124541.00,7.9,976,222
Vastern,13,4,86,11.2,2416,2676,0.087,259826.00,10.3,962,387
Gavle,13,5,86,13.2,3849,4070,0,260586.00,0.7,756,336
Koppar,13,6,86,8,3361,1602,0,242349.00,13.1,696,221
Varm,13,7,86,13.4,9702,1384,0,260447.00,22,564,140
Upps,13,8,86,18.4,17346,4210,0,132400.00,103.9,588,422
Vastml,13,9,86,24.6,19828,4132,0,162774.00,93,557,337
Stock,13,10,86,91.4,19503,3959,0,620657.00,100.6,519,453
Orebro,13,11,86,22.7,14666,1557,0,212113.00,18.2,499,254
Soderml,13,12,86,27.8,22166,2660,0,183839.00,75.7,463,361
Skara,13,13,86,29.3,48995,6282,0,241026.00,124.1,382,170
Alvsb,13,14,86,23.7,21419,3348,0,293577.00,123.7,352,101
Goteborg,13,15,86,76.3,20107,4181,0,406112.00,76.1,381,44
Ostergl,13,16,86,25.8,21578,4864,0,300165.00,96.8,375,302
Kalmar,13,17,86,19.5,16065,7612,0,227622.00,99.5,237,323
Jonk,13,18,86,20.5,18289,8680,0,219895.00,52.8,269,217
Halland,13,19,86,25.8,27109,5190,0,147296.00,79.9,208,107
Kronob,13,20,86,16.6,14287,5547,0,156596.00,80.8,184,224
Kristian,13,21,86,37.2,33911,4607,0,234994.00,93.1,103,170
Blek,13,22,86,49.1,22141,3882,0,150055.00,77.9,120,263
Malmo,13,23,86,94.2,65411,8109,0,475893.00,56.8,58,136
Norrb,14,1,87,1.6,297,387,0.754,174227.00,5.9,1439,513
Vasterb,14,2,87,2.9,920,1071,0.253,170299.00,7,1179,415
Jamt,14,3,87,2.3,420,1334,0.185,124541.00,10.9,976,222
Vastern,14,4,87,11.2,2448,2770,0,259826.00,10.6,962,387
Gavle,14,5,87,13.2,3958,3969,0,260586.00,0.1,756,336
Koppar,14,6,87,8,3409,1613,0,242349.00,22.7,696,221
Varm,14,7,87,13.4,9696,1490,0,260447.00,22.1,564,140
Upps,14,8,87,18.4,17642,4233,0,132400.00,170.1,588,422
Vastml,14,9,87,24.6,20278,3877,0,162774.00,20.7,557,337
Stock,14,10,87,91.4,19757,3618,0,620657.00,114.2,519,453
Orebro,14,11,87,22.7,15093,1527,0,212113.00,23.4,499,254
Soderml,14,12,87,27.8,22782,2608,0,183839.00,105.2,463,361
Skara,14,13,87,29.3,49599,6620,0,241026.00,161.1,382,170
Alvsb,14,14,87,23.7,21659,3465,0,293577.00,133.4,352,101
Goteborg,14,15,87,76.3,20896,4559,0,406112.00,78,381,44
Ostergl,14,16,87,25.8,21993,5111,0,300165.00,125.4,375,302
Kalmar,14,17,87,19.5,16478,7761,0,227622.00,127.2,237,323
Jonk,14,18,87,20.5,18590,8077,0,219895.00,76.7,269,217
Halland,14,19,87,25.8,27803,5483,0,147296.00,82.7,208,107
Kronob,14,20,87,16.6,14311,5838,0,156596.00,86.5,184,224
Kristian,14,21,87,37.2,34899,4872,0,234994.00,105.9,103,170
Blek,14,22,87,49.1,22430,4365,0,150055.00,88.4,120,263
Malmo,14,23,87,94.2,66704,8047,0,475893.00,60.6,58,136
Norrb,15,1,88,1.6,287,390,0.34,174227.00,5.2,1439,513
Vasterb,15,2,88,2.9,919,1138,0.168,170299.00,6.6,1179,415
Jamt,15,3,88,2.3,431,1349,0.333,124541.00,11.8,976,222
Vastern,15,4,88,11.2,2481,2985,0,259826.00,11.4,962,387
Gavle,15,5,88,13.2,4067,3728,0,260586.00,7.3,756,336
Koppar,15,6,88,8,3457,1507,0,242349.00,28.5,696,221
Varm,15,7,88,13.4,9689,1525,0,260447.00,27.2,564,140
Upps,15,8,88,18.4,17938,3901,0,132400.00,107.1,588,422
Vastml,15,9,88,24.6,20728,3688,0,162774.00,19.7,557,337
Stock,15,10,88,91.4,20012,3535,0,620657.00,124.9,519,453
Orebro,15,11,88,22.7,15520,1561,0,212113.00,19.6,499,254
Soderml,15,12,88,27.8,23397,2512,0,183839.00,100.8,463,361
Skara,15,13,88,29.3,50203,6830,0,241026.00,124.2,382,170
Alvsb,15,14,88,23.7,21899,3585,0,293577.00,153.9,352,101
Goteborg,15,15,88,76.3,21685,4901,0,406112.00,75.6,381,44
Ostergl,15,16,88,25.8,22409,5155,0,300165.00,95,375,302
Kalmar,15,17,88,19.5,16891,8038,0,227622.00,72.6,237,323
Jonk,15,18,88,20.5,18892,8019,0,219895.00,79.7,269,217
Halland,15,19,88,25.8,28498,5814,0,147296.00,85.7,208,107
Kronob,15,20,88,16.6,14335,5742,0,156596.00,95,184,224
Kristian,15,21,88,37.2,35886,4890,0,234994.00,112.7,103,170
Blek,15,22,88,49.1,22719,4695,0,150055.00,114.9,120,263
Malmo,15,23,88,94.2,67998,7758,0,475893.00,79.4,58,136
Norrb,16,1,89,1.6,278,729,0.236,174227.00,8.2,1439,513
Vasterb,16,2,89,2.9,918,1780,0.101,170299.00,10.9,1179,415
Jamt,16,3,89,2.3,441,1657,0.277,124541.00,19.6,976,222
Vastern,16,4,89,11.2,2513,4405,0.043,259826.00,13.3,962,387
Gavle,16,5,89,13.2,4176,3266,0,260586.00,4.4,756,336
Koppar,16,6,89,8,3505,1765,0.033,242349.00,25.9,696,221
Varm,16,7,89,13.4,9682,2682,0,260447.00,29.2,564,140
Upps,16,8,89,18.4,18234,3292,0,132400.00,123.8,588,422
Vastml,16,9,89,24.6,21178,2672,0,162774.00,27.8,557,337
Stock,16,10,89,91.4,20267,3262,0,620657.00,84.1,519,453
Orebro,16,11,89,22.7,15946,2067,0,212113.00,18.7,499,254
Soderml,16,12,89,27.8,24013,2040,0,183839.00,124.4,463,361
Skara,16,13,89,29.3,50807,8241,0,241026.00,132.6,382,170
Alvsb,16,14,89,23.7,22139,4555,0,293577.00,134,352,101
Goteborg,16,15,89,76.3,22474,6036,0,406112.00,74.1,381,44
Ostergl,16,16,89,25.8,22824,5641,0,300165.00,96.9,375,302
Kalmar,16,17,89,19.5,17304,9613,0,227622.00,99.5,237,323
Jonk,16,18,89,20.5,19194,9138,0,219895.00,64.6,269,217
Halland,16,19,89,25.8,29193,8029,0,147296.00,93.7,208,107
Kronob,16,20,89,16.6,14359,6678,0,156596.00,91.4,184,224
Kristian,16,21,89,37.2,36874,6839,0,234994.00,93.9,103,170
Blek,16,22,89,49.1,23008,6653,0,150055.00,91.3,120,263
Malmo,16,23,89,94.2,69292,7128,0,475893.00,102.6,58,136
Norrb,17,1,90,1.6,268,720,0.151,174227.00,5,1439,513
Vasterb,17,2,90,2.9,916,1808,0.186,170299.00,11.3,1179,415
Jamt,17,3,90,2.3,451,1778,0.277,124541.00,14.8,976,222
Vastern,17,4,90,11.2,2546,4795,0,259826.00,10.4,962,387
Gavle,17,5,90,13.2,4285,3723,0,260586.00,6.5,756,336
Koppar,17,6,90,8,3553,2110,0,242349.00,23.8,696,221
Varm,17,7,90,13.4,9675,2988,0,260447.00,28.7,564,140
Upps,17,8,90,18.4,18530,3777,0,132400.00,114.5,588,422
Vastml,17,9,90,24.6,21627,3245,0,162774.00,34.3,557,337
Stock,17,10,90,91.4,20522,3887,0,620657.00,31.8,519,453
Orebro,17,11,90,22.7,16373,2541,0,212113.00,71,499,254
Soderml,17,12,90,27.8,24629,2536,0,183839.00,141.7,463,361
Skara,17,13,90,29.3,51411,9358,0,241026.00,182.7,382,170
Alvsb,17,14,90,23.7,22379,5628,0,293577.00,170.2,352,101
Goteborg,17,15,90,76.3,23263,7519,0,406112.00,78.4,381,44
Ostergl,17,16,90,25.8,23240,6324,0,300165.00,107.1,375,302
Kalmar,17,17,90,19.5,17717,10268,0,227622.00,64.9,237,323
Jonk,17,18,90,20.5,19495,9905,0,219895.00,92.9,269,217
Halland,17,19,90,25.8,29888,9426,0,147296.00,96.5,208,107
Kronob,17,20,90,16.6,14383,7711,0,156596.00,97.1,184,224
Kristian,17,21,90,37.2,37861,8507,0,234994.00,92.9,103,170
Blek,17,22,90,49.1,23297,8095,0,150055.00,75.6,120,263
Malmo,17,23,90,94.2,70585,9105,0,475893.00,98,58,136
